pass_id,mode,batch_size,prefill_tokens,decode_tokens,avg_seq_len,forward_time_ms,global_step
1,EXTEND,8,2376,0,297.00,1914.47,1
2,EXTEND,26,8192,0,315.08,293.24,1
3,EXTEND,31,2892,0,336.58,100.94,1
4,DECODE,64,0,64,328.50,23.79,1
5,DECODE,64,0,64,329.50,11.05,1
6,DECODE,64,0,64,330.50,10.99,1
7,DECODE,64,0,64,331.50,10.99,1
8,DECODE,64,0,64,332.50,11.44,1
9,DECODE,64,0,64,333.50,11.64,1
10,DECODE,64,0,64,334.50,11.56,1
11,DECODE,64,0,64,335.50,10.97,1
12,DECODE,64,0,64,336.50,10.93,1
13,DECODE,64,0,64,337.50,11.72,1
14,DECODE,64,0,64,338.50,10.93,1
15,DECODE,64,0,64,339.50,10.96,1
16,DECODE,64,0,64,340.50,11.73,1
17,DECODE,64,0,64,341.50,14.56,1
18,DECODE,64,0,64,342.50,11.46,1
19,DECODE,64,0,64,343.50,10.89,1
20,DECODE,64,0,64,344.50,10.97,1
21,DECODE,64,0,64,345.50,10.95,1
22,DECODE,64,0,64,346.50,10.91,1
23,DECODE,64,0,64,347.50,10.89,1
24,DECODE,64,0,64,348.50,10.92,1
25,DECODE,64,0,64,349.50,10.93,1
26,DECODE,64,0,64,350.50,10.91,1
27,DECODE,64,0,64,351.50,10.96,1
28,DECODE,64,0,64,352.50,11.65,1
29,DECODE,64,0,64,353.50,11.73,1
30,DECODE,64,0,64,354.50,11.72,1
31,DECODE,64,0,64,355.50,11.72,1
32,DECODE,64,0,64,356.50,11.73,1
33,DECODE,64,0,64,357.50,11.87,1
34,DECODE,64,0,64,358.50,11.77,1
35,DECODE,64,0,64,359.50,11.75,1
36,DECODE,64,0,64,360.50,11.69,1
37,EXTEND,2,231,0,365.50,61.12,1
38,EXTEND,30,2109,0,320.70,76.64,1
39,DECODE,96,0,96,349.17,14.19,1
40,DECODE,96,0,96,350.17,12.04,1
41,DECODE,96,0,96,351.17,12.02,1
42,DECODE,96,0,96,352.17,11.95,1
43,DECODE,96,0,96,353.17,11.82,1
44,DECODE,96,0,96,354.17,12.41,1
45,DECODE,96,0,96,355.17,11.85,1
46,DECODE,96,0,96,356.17,11.90,1
47,DECODE,96,0,96,357.17,12.00,1
48,DECODE,96,0,96,358.17,11.92,1
49,DECODE,96,0,96,359.17,11.99,1
50,DECODE,96,0,96,360.17,11.96,1
51,DECODE,96,0,96,361.17,11.97,1
52,DECODE,96,0,96,362.17,11.95,1
53,DECODE,96,0,96,363.17,11.95,1
54,DECODE,96,0,96,364.17,11.92,1
55,EXTEND,17,1167,0,320.88,50.86,1
56,EXTEND,15,1089,0,323.27,47.67,1
57,DECODE,128,0,128,354.62,14.56,1
58,EXTEND,32,3604,0,363.75,120.02,1
59,EXTEND,27,2025,0,326.00,69.70,1
60,EXTEND,5,411,0,333.20,58.43,1
61,EXTEND,32,2812,0,339.62,95.74,1
62,DECODE,224,0,224,350.86,18.77,1
63,DECODE,224,0,224,351.86,16.07,1
64,DECODE,224,0,224,352.86,16.01,1
65,DECODE,224,0,224,353.86,15.90,1
66,DECODE,224,0,224,354.86,15.64,1
67,DECODE,224,0,224,355.86,15.73,1
68,DECODE,224,0,224,356.86,15.90,1
69,DECODE,224,0,224,357.86,15.80,1
70,DECODE,224,0,224,358.86,15.77,1
71,DECODE,224,0,224,359.86,15.93,1
72,DECODE,224,0,224,360.86,16.64,1
73,DECODE,224,0,224,361.86,16.56,1
74,DECODE,224,0,224,362.86,16.69,1
75,DECODE,224,0,224,363.86,16.45,1
76,EXTEND,31,1700,0,305.84,79.83,1
77,EXTEND,1,36,0,287.00,32.70,1
78,DECODE,256,0,256,357.53,18.20,1
79,DECODE,256,0,256,358.53,16.69,1
80,DECODE,256,0,256,359.53,16.67,1
81,DECODE,256,0,256,360.53,16.53,1
82,DECODE,256,0,256,361.53,16.78,1
83,DECODE,256,0,256,362.53,16.52,1
84,DECODE,256,0,256,363.53,17.19,1
85,DECODE,256,0,256,364.53,17.16,1
86,DECODE,256,0,256,365.53,17.44,1
87,DECODE,256,0,256,366.53,17.42,1
88,DECODE,256,0,256,367.53,17.43,1
89,DECODE,256,0,256,368.53,17.40,1
90,DECODE,256,0,256,369.53,17.44,1
91,DECODE,256,0,256,370.53,17.34,1
92,DECODE,256,0,256,371.53,17.28,1
93,DECODE,256,0,256,372.53,17.36,1
94,DECODE,256,0,256,373.53,17.37,1
95,DECODE,256,0,256,374.53,17.47,1
96,DECODE,256,0,256,375.53,17.37,1
97,DECODE,256,0,256,376.53,17.34,1
98,DECODE,256,0,256,377.53,17.38,1
99,DECODE,256,0,256,378.53,17.37,1
100,DECODE,256,0,256,379.53,17.40,1
101,DECODE,256,0,256,380.53,17.42,1
102,DECODE,256,0,256,381.53,17.61,1
103,DECODE,256,0,256,382.53,17.26,1
104,DECODE,256,0,256,383.53,18.90,1
105,DECODE,256,0,256,384.53,16.78,1
106,DECODE,256,0,256,385.53,16.77,1
107,DECODE,256,0,256,386.53,16.78,1
108,DECODE,256,0,256,387.53,16.66,1
109,DECODE,256,0,256,388.53,16.67,1
110,DECODE,256,0,256,389.53,17.18,1
111,DECODE,256,0,256,390.53,16.66,1
112,DECODE,256,0,256,391.53,17.25,1
113,DECODE,256,0,256,392.53,17.69,1
114,DECODE,256,0,256,393.53,17.68,1
115,DECODE,256,0,256,394.53,17.52,1
116,DECODE,256,0,256,395.53,17.66,1
117,DECODE,256,0,256,396.53,17.62,1
118,DECODE,256,0,256,397.53,17.55,1
119,DECODE,256,0,256,398.53,17.65,1
120,DECODE,256,0,256,399.53,17.50,1
121,DECODE,256,0,256,400.53,17.36,1
122,DECODE,256,0,256,401.53,17.57,1
123,DECODE,256,0,256,402.53,17.29,1
124,DECODE,256,0,256,403.53,17.16,1
125,DECODE,256,0,256,404.53,17.78,1
126,DECODE,256,0,256,405.53,17.72,1
127,DECODE,256,0,256,406.53,17.17,1
128,DECODE,256,0,256,407.53,16.87,1
129,DECODE,256,0,256,408.53,17.22,1
130,DECODE,256,0,256,409.53,17.65,1
131,DECODE,256,0,256,410.53,17.26,1
132,DECODE,256,0,256,411.53,17.30,1
133,DECODE,256,0,256,412.53,17.26,1
134,DECODE,256,0,256,413.53,17.28,1
135,DECODE,256,0,256,414.53,17.28,1
136,DECODE,256,0,256,415.53,17.54,1
137,DECODE,256,0,256,416.53,17.34,1
138,DECODE,256,0,256,417.53,17.60,1
139,DECODE,256,0,256,418.53,17.57,1
140,DECODE,256,0,256,419.53,17.56,1
141,DECODE,256,0,256,420.53,16.81,1
142,DECODE,256,0,256,421.53,16.79,1
143,DECODE,256,0,256,422.53,16.80,1
144,DECODE,256,0,256,423.53,16.81,1
145,DECODE,256,0,256,424.53,16.84,1
146,DECODE,256,0,256,425.53,16.80,1
147,DECODE,256,0,256,426.53,17.01,1
148,DECODE,256,0,256,427.53,16.79,1
149,DECODE,256,0,256,428.53,16.85,1
150,DECODE,256,0,256,429.53,16.79,1
151,DECODE,256,0,256,430.53,16.77,1
152,DECODE,256,0,256,431.53,16.76,1
153,DECODE,256,0,256,432.53,16.76,1
154,DECODE,256,0,256,433.53,16.83,1
155,DECODE,256,0,256,434.53,16.81,1
156,DECODE,256,0,256,435.53,16.80,1
157,DECODE,256,0,256,436.53,16.80,1
158,DECODE,256,0,256,437.53,16.81,1
159,DECODE,256,0,256,438.53,16.77,1
160,DECODE,256,0,256,439.53,16.81,1
161,DECODE,256,0,256,440.53,16.83,1
162,DECODE,256,0,256,441.53,16.76,1
163,DECODE,256,0,256,442.53,17.24,1
164,DECODE,256,0,256,443.53,16.78,1
165,DECODE,256,0,256,444.53,16.83,1
166,DECODE,256,0,256,445.53,16.83,1
167,DECODE,256,0,256,446.53,16.85,1
168,DECODE,256,0,256,447.53,18.56,1
169,DECODE,256,0,256,448.53,16.87,1
170,DECODE,256,0,256,449.53,16.96,1
171,DECODE,256,0,256,450.53,16.86,1
172,DECODE,256,0,256,451.53,16.81,1
173,DECODE,256,0,256,452.53,16.77,1
174,DECODE,256,0,256,453.53,17.08,1
175,DECODE,256,0,256,454.53,16.89,1
176,DECODE,256,0,256,455.53,16.91,1
177,DECODE,256,0,256,456.53,16.85,1
178,DECODE,256,0,256,457.53,17.59,1
179,DECODE,256,0,256,458.53,17.66,1
180,DECODE,256,0,256,459.53,17.85,1
181,DECODE,256,0,256,460.53,17.74,1
182,DECODE,256,0,256,461.53,17.70,1
183,DECODE,256,0,256,462.53,17.75,1
184,DECODE,256,0,256,463.53,17.58,1
185,DECODE,256,0,256,464.53,17.77,1
186,DECODE,256,0,256,465.53,17.77,1
187,DECODE,256,0,256,466.53,17.28,1
188,DECODE,256,0,256,467.53,17.33,1
189,DECODE,256,0,256,468.53,17.52,1
190,DECODE,256,0,256,469.53,17.90,1
191,DECODE,256,0,256,470.53,17.84,1
192,DECODE,256,0,256,471.53,17.74,1
193,DECODE,256,0,256,472.53,18.00,1
194,DECODE,256,0,256,473.53,17.93,1
195,DECODE,256,0,256,474.53,16.99,1
196,DECODE,256,0,256,475.53,17.54,1
197,DECODE,256,0,256,476.53,17.66,1
198,DECODE,256,0,256,477.53,17.62,1
199,DECODE,256,0,256,478.53,17.67,1
200,DECODE,256,0,256,479.53,17.10,1
201,DECODE,256,0,256,480.53,17.13,1
202,DECODE,256,0,256,481.53,17.07,1
203,DECODE,256,0,256,482.53,17.12,1
204,DECODE,256,0,256,483.53,17.11,1
205,DECODE,256,0,256,484.53,17.18,1
206,DECODE,256,0,256,485.53,17.10,1
207,DECODE,256,0,256,486.53,17.15,1
208,DECODE,256,0,256,487.53,17.12,1
209,DECODE,256,0,256,488.53,17.14,1
210,DECODE,256,0,256,489.53,17.10,1
211,DECODE,256,0,256,490.53,18.15,1
212,DECODE,256,0,256,491.53,18.01,1
213,DECODE,256,0,256,492.53,17.98,1
214,DECODE,256,0,256,493.53,17.97,1
215,DECODE,256,0,256,494.53,18.02,1
216,DECODE,256,0,256,495.53,18.11,1
217,DECODE,256,0,256,496.53,17.79,1
218,DECODE,256,0,256,497.53,17.78,1
219,DECODE,256,0,256,498.53,17.86,1
220,DECODE,256,0,256,499.53,17.98,1
221,DECODE,256,0,256,500.53,17.87,1
222,DECODE,256,0,256,501.53,17.88,1
223,DECODE,256,0,256,502.53,17.87,1
224,DECODE,256,0,256,503.53,18.36,1
225,DECODE,256,0,256,504.53,18.14,1
226,DECODE,256,0,256,505.53,17.24,1
227,DECODE,256,0,256,506.53,17.23,1
228,DECODE,256,0,256,507.53,17.85,1
229,DECODE,256,0,256,508.53,17.12,1
230,DECODE,256,0,256,509.53,17.21,1
231,DECODE,256,0,256,510.53,18.59,1
232,DECODE,256,0,256,511.53,18.04,1
233,DECODE,256,0,256,512.53,17.99,1
234,DECODE,256,0,256,513.53,17.93,1
235,DECODE,256,0,256,514.53,17.98,1
236,DECODE,256,0,256,515.53,17.20,1
237,DECODE,256,0,256,516.53,17.14,1
238,DECODE,256,0,256,517.53,17.14,1
239,DECODE,256,0,256,518.53,17.17,1
240,DECODE,256,0,256,519.53,17.15,1
241,DECODE,256,0,256,520.53,17.16,1
242,DECODE,256,0,256,521.53,17.20,1
243,DECODE,256,0,256,522.53,17.06,1
244,DECODE,256,0,256,523.53,17.17,1
245,DECODE,256,0,256,524.53,17.20,1
246,DECODE,256,0,256,525.53,17.14,1
247,DECODE,256,0,256,526.53,17.20,1
248,DECODE,256,0,256,527.53,17.26,1
249,DECODE,256,0,256,528.53,17.23,1
250,DECODE,256,0,256,529.53,17.26,1
251,DECODE,256,0,256,530.53,17.27,1
252,DECODE,256,0,256,531.53,17.24,1
253,DECODE,256,0,256,532.53,17.24,1
254,DECODE,256,0,256,533.53,17.26,1
255,DECODE,256,0,256,534.53,17.36,1
256,DECODE,256,0,256,535.53,17.27,1
257,DECODE,256,0,256,536.53,17.30,1
258,DECODE,256,0,256,537.53,17.12,1
259,DECODE,256,0,256,538.53,18.01,1
260,DECODE,256,0,256,539.53,18.31,1
261,DECODE,256,0,256,540.53,18.14,1
262,DECODE,256,0,256,541.53,18.26,1
263,DECODE,256,0,256,542.53,18.24,1
264,DECODE,256,0,256,543.53,18.20,1
265,DECODE,256,0,256,544.53,18.29,1
266,DECODE,256,0,256,545.53,18.11,1
267,DECODE,256,0,256,546.53,18.17,1
268,DECODE,256,0,256,547.53,19.29,1
269,DECODE,256,0,256,548.53,18.21,1
270,DECODE,256,0,256,549.53,18.16,1
271,DECODE,256,0,256,550.53,18.67,1
272,DECODE,256,0,256,551.53,17.41,1
273,DECODE,256,0,256,552.53,18.06,1
274,DECODE,256,0,256,553.53,17.97,1
275,DECODE,256,0,256,554.53,18.03,1
276,DECODE,256,0,256,555.53,18.02,1
277,DECODE,256,0,256,556.53,18.17,1
278,DECODE,256,0,256,557.53,18.31,1
279,DECODE,256,0,256,558.53,18.11,1
280,DECODE,256,0,256,559.53,18.17,1
281,DECODE,256,0,256,560.53,18.03,1
282,DECODE,256,0,256,561.53,18.15,1
283,DECODE,256,0,256,562.53,18.13,1
284,DECODE,256,0,256,563.53,18.24,1
285,DECODE,256,0,256,564.53,18.26,1
286,DECODE,256,0,256,565.53,18.10,1
287,DECODE,256,0,256,566.53,18.02,1
288,DECODE,256,0,256,567.53,18.29,1
289,DECODE,256,0,256,568.53,17.85,1
290,DECODE,256,0,256,569.53,18.18,1
291,DECODE,256,0,256,570.53,18.05,1
292,DECODE,256,0,256,571.53,18.16,1
293,DECODE,256,0,256,572.53,18.12,1
294,DECODE,256,0,256,573.53,18.21,1
295,DECODE,256,0,256,574.53,18.10,1
296,DECODE,256,0,256,575.53,18.25,1
297,DECODE,256,0,256,576.53,18.23,1
298,DECODE,256,0,256,577.53,18.22,1
299,DECODE,256,0,256,578.53,18.24,1
300,DECODE,256,0,256,579.53,18.39,1
301,DECODE,256,0,256,580.53,18.23,1
302,DECODE,256,0,256,581.53,18.29,1
303,DECODE,256,0,256,582.53,18.32,1
304,DECODE,256,0,256,583.53,18.49,1
305,DECODE,256,0,256,584.53,18.38,1
306,DECODE,256,0,256,585.53,18.35,1
307,DECODE,256,0,256,586.53,18.38,1
308,DECODE,256,0,256,587.53,18.27,1
309,DECODE,256,0,256,588.53,18.27,1
310,DECODE,256,0,256,589.53,18.23,1
311,DECODE,256,0,256,590.53,19.47,1
312,DECODE,256,0,256,591.53,18.90,1
313,DECODE,256,0,256,592.53,22.32,1
314,DECODE,256,0,256,593.53,18.92,1
315,DECODE,256,0,256,594.53,18.47,1
316,DECODE,256,0,256,595.53,18.68,1
317,DECODE,256,0,256,596.53,18.50,1
318,DECODE,256,0,256,597.53,18.67,1
319,DECODE,256,0,256,598.53,18.45,1
320,DECODE,256,0,256,599.53,18.70,1
321,DECODE,256,0,256,600.53,18.59,1
322,DECODE,256,0,256,601.53,19.30,1
323,DECODE,256,0,256,602.53,18.57,1
324,DECODE,256,0,256,603.53,18.61,1
325,DECODE,256,0,256,604.53,18.66,1
326,DECODE,256,0,256,605.53,18.82,1
327,DECODE,256,0,256,606.53,18.73,1
328,DECODE,256,0,256,607.53,18.93,1
329,DECODE,256,0,256,608.53,18.71,1
330,DECODE,256,0,256,609.53,18.72,1
331,DECODE,256,0,256,610.53,18.59,1
332,DECODE,256,0,256,611.53,18.79,1
333,DECODE,256,0,256,612.53,18.68,1
334,DECODE,256,0,256,613.53,18.92,1
335,DECODE,256,0,256,614.53,18.75,1
336,DECODE,256,0,256,615.53,18.77,1
337,DECODE,256,0,256,616.53,18.80,1
338,DECODE,256,0,256,617.53,18.85,1
339,DECODE,256,0,256,618.53,18.58,1
340,DECODE,256,0,256,619.53,18.67,1
341,DECODE,256,0,256,620.53,18.72,1
342,DECODE,256,0,256,621.53,18.85,1
343,DECODE,256,0,256,622.53,19.35,1
344,DECODE,256,0,256,623.53,19.07,1
345,DECODE,256,0,256,624.53,18.85,1
346,DECODE,256,0,256,625.53,18.93,1
347,DECODE,256,0,256,626.53,19.07,1
348,DECODE,255,0,255,627.50,19.23,1
349,EXTEND,1,23,0,658.00,60.03,1
350,DECODE,256,0,256,628.62,18.58,1
351,DECODE,256,0,256,629.62,18.12,1
352,DECODE,256,0,256,630.62,18.07,1
353,DECODE,256,0,256,631.62,17.92,1
354,DECODE,255,0,255,632.58,18.80,1
355,EXTEND,1,26,0,666.00,55.00,1
356,DECODE,256,0,256,633.71,18.25,1
357,DECODE,256,0,256,634.71,18.36,1
358,DECODE,256,0,256,635.71,18.05,1
359,DECODE,256,0,256,636.71,18.11,1
360,DECODE,256,0,256,637.71,18.85,1
361,DECODE,256,0,256,638.71,18.66,1
362,DECODE,256,0,256,639.71,19.08,1
363,DECODE,256,0,256,640.71,18.90,1
364,DECODE,256,0,256,641.71,19.05,1
365,DECODE,256,0,256,642.71,19.31,1
366,DECODE,256,0,256,643.71,19.04,1
367,DECODE,256,0,256,644.71,19.01,1
368,DECODE,256,0,256,645.71,19.10,1
369,DECODE,256,0,256,646.71,19.30,1
370,DECODE,256,0,256,647.71,19.04,1
371,DECODE,256,0,256,648.71,18.99,1
372,DECODE,256,0,256,649.71,19.05,1
373,DECODE,256,0,256,650.71,19.18,1
374,DECODE,256,0,256,651.71,19.12,1
375,DECODE,256,0,256,652.71,19.12,1
376,DECODE,256,0,256,653.71,19.25,1
377,DECODE,256,0,256,654.71,19.15,1
378,DECODE,256,0,256,655.71,19.16,1
379,DECODE,256,0,256,656.71,19.16,1
380,DECODE,256,0,256,657.71,19.12,1
381,DECODE,256,0,256,658.71,19.13,1
382,DECODE,256,0,256,659.71,19.23,1
383,DECODE,256,0,256,660.71,19.07,1
384,DECODE,256,0,256,661.71,19.15,1
385,DECODE,256,0,256,662.71,19.23,1
386,DECODE,256,0,256,663.71,19.35,1
387,DECODE,256,0,256,664.71,19.39,1
388,DECODE,256,0,256,665.71,19.33,1
389,DECODE,256,0,256,666.71,19.23,1
390,DECODE,256,0,256,667.71,19.53,1
391,DECODE,256,0,256,668.71,19.27,1
392,DECODE,256,0,256,669.71,19.58,1
393,DECODE,256,0,256,670.71,19.25,1
394,DECODE,256,0,256,671.71,19.19,1
395,DECODE,256,0,256,672.71,19.15,1
396,DECODE,255,0,255,674.03,19.65,1
397,EXTEND,1,31,0,624.00,56.62,1
398,DECODE,256,0,256,674.83,18.11,1
399,DECODE,256,0,256,675.83,18.26,1
400,DECODE,256,0,256,676.83,18.31,1
401,DECODE,256,0,256,677.83,18.24,1
402,DECODE,256,0,256,678.83,18.47,1
403,DECODE,256,0,256,679.83,18.86,1
404,DECODE,256,0,256,680.83,18.73,1
405,DECODE,256,0,256,681.83,19.00,1
406,DECODE,256,0,256,682.83,19.14,1
407,DECODE,255,0,255,684.05,19.31,1
408,EXTEND,1,26,0,654.00,50.80,1
409,DECODE,256,0,256,684.93,18.16,1
410,DECODE,256,0,256,685.93,18.34,1
411,DECODE,256,0,256,686.93,18.75,1
412,DECODE,256,0,256,687.93,18.77,1
413,DECODE,256,0,256,688.93,18.90,1
414,DECODE,256,0,256,689.93,19.10,1
415,DECODE,256,0,256,690.93,19.21,1
416,DECODE,256,0,256,691.93,19.02,1
417,DECODE,256,0,256,692.93,19.07,1
418,DECODE,256,0,256,693.93,19.10,1
419,DECODE,256,0,256,694.93,19.00,1
420,DECODE,256,0,256,695.93,19.09,1
421,DECODE,256,0,256,696.93,19.23,1
422,DECODE,255,0,255,697.70,19.39,1
423,EXTEND,1,26,0,782.00,29.47,1
424,DECODE,256,0,256,699.03,18.42,1
425,DECODE,256,0,256,700.03,18.19,1
426,DECODE,256,0,256,701.03,18.21,1
427,DECODE,256,0,256,702.03,18.21,1
428,DECODE,256,0,256,703.03,18.22,1
429,DECODE,256,0,256,704.03,18.25,1
430,DECODE,256,0,256,705.03,18.24,1
431,DECODE,256,0,256,706.03,18.21,1
432,DECODE,256,0,256,707.03,18.23,1
433,DECODE,256,0,256,708.03,19.13,1
434,DECODE,256,0,256,709.03,19.08,1
435,DECODE,256,0,256,710.03,19.03,1
436,DECODE,256,0,256,711.03,18.37,1
437,DECODE,256,0,256,712.03,18.31,1
438,DECODE,255,0,255,713.02,18.28,1
439,EXTEND,1,27,0,742.00,57.37,1
440,DECODE,256,0,256,714.13,18.30,1
441,DECODE,256,0,256,715.13,18.23,1
442,DECODE,256,0,256,716.13,19.08,1
443,DECODE,256,0,256,717.13,18.31,1
444,DECODE,256,0,256,718.13,18.63,1
445,DECODE,256,0,256,719.13,19.09,1
446,DECODE,256,0,256,720.13,19.31,1
447,DECODE,256,0,256,721.13,19.42,1
448,DECODE,256,0,256,722.13,19.33,1
449,DECODE,256,0,256,723.13,19.27,1
450,DECODE,256,0,256,724.13,19.33,1
451,DECODE,256,0,256,725.13,19.30,1
452,DECODE,256,0,256,726.13,19.44,1
453,DECODE,256,0,256,727.13,19.34,1
454,DECODE,256,0,256,728.13,19.34,1
455,DECODE,255,0,255,728.93,19.81,1
456,EXTEND,1,27,0,805.00,51.43,1
457,DECODE,256,0,256,730.23,18.39,1
458,DECODE,256,0,256,731.23,18.40,1
459,DECODE,256,0,256,732.23,19.20,1
460,DECODE,256,0,256,733.23,18.91,1
461,DECODE,256,0,256,734.23,19.04,1
462,DECODE,256,0,256,735.23,19.34,1
463,DECODE,256,0,256,736.23,19.35,1
464,DECODE,256,0,256,737.23,19.28,1
465,DECODE,256,0,256,738.23,19.45,1
466,DECODE,256,0,256,739.23,19.34,1
467,DECODE,256,0,256,740.23,19.48,1
468,DECODE,256,0,256,741.23,19.37,1
469,DECODE,256,0,256,742.23,19.42,1
470,DECODE,255,0,255,743.30,19.61,1
471,EXTEND,1,26,0,751.00,52.70,1
472,DECODE,256,0,256,744.33,18.51,1
473,DECODE,256,0,256,745.33,18.95,1
474,DECODE,256,0,256,746.33,18.95,1
475,DECODE,256,0,256,747.33,19.25,1
476,DECODE,256,0,256,748.33,19.26,1
477,DECODE,256,0,256,749.33,19.52,1
478,DECODE,256,0,256,750.33,19.53,1
479,DECODE,256,0,256,751.33,19.52,1
480,DECODE,256,0,256,752.33,19.62,1
481,DECODE,256,0,256,753.33,19.60,1
482,DECODE,256,0,256,754.33,19.64,1
483,DECODE,256,0,256,755.33,19.51,1
484,DECODE,256,0,256,756.33,18.63,1
485,DECODE,256,0,256,757.33,18.65,1
486,DECODE,256,0,256,758.33,18.73,1
487,DECODE,255,0,255,759.24,18.64,1
488,EXTEND,1,27,0,808.00,29.01,1
489,DECODE,255,0,255,760.50,18.41,1
490,EXTEND,1,27,0,769.00,28.59,1
491,DECODE,256,0,256,761.53,18.55,1
492,DECODE,256,0,256,762.53,18.97,1
493,DECODE,256,0,256,763.53,19.15,1
494,DECODE,256,0,256,764.53,19.06,1
495,DECODE,256,0,256,765.53,19.02,1
496,DECODE,256,0,256,766.53,19.50,1
497,DECODE,256,0,256,767.53,19.27,1
498,DECODE,256,0,256,768.53,19.43,1
499,DECODE,256,0,256,769.53,19.65,1
500,DECODE,256,0,256,770.53,19.71,1
501,DECODE,256,0,256,771.53,19.63,1
502,DECODE,256,0,256,772.53,19.77,1
503,DECODE,256,0,256,773.53,19.68,1
504,DECODE,254,0,254,774.72,20.02,1
505,EXTEND,2,50,0,774.50,57.83,1
506,EXTEND,1,26,0,745.00,28.68,1
507,DECODE,256,0,256,775.82,18.60,1
508,DECODE,256,0,256,776.82,18.75,1
509,DECODE,256,0,256,777.82,18.92,1
510,DECODE,256,0,256,778.82,18.76,1
511,DECODE,256,0,256,779.82,19.73,1
512,DECODE,256,0,256,780.82,19.46,1
513,DECODE,256,0,256,781.82,19.56,1
514,DECODE,255,0,255,782.65,20.05,1
515,EXTEND,1,28,0,853.00,58.15,1
516,DECODE,256,0,256,783.93,18.87,1
517,DECODE,256,0,256,784.93,18.80,1
518,DECODE,256,0,256,785.93,18.83,1
519,DECODE,256,0,256,786.93,18.82,1
520,DECODE,256,0,256,787.93,19.50,1
521,DECODE,256,0,256,788.93,19.92,1
522,DECODE,256,0,256,789.93,19.71,1
523,DECODE,256,0,256,790.93,19.45,1
524,DECODE,256,0,256,791.93,19.50,1
525,DECODE,255,0,255,792.90,19.91,1
526,EXTEND,1,26,0,825.00,52.14,1
527,DECODE,256,0,256,794.02,19.08,1
528,DECODE,256,0,256,795.02,18.87,1
529,DECODE,256,0,256,796.02,18.87,1
530,DECODE,256,0,256,797.02,18.87,1
531,DECODE,256,0,256,798.02,19.54,1
532,DECODE,256,0,256,799.02,19.40,1
533,DECODE,256,0,256,800.02,19.52,1
534,DECODE,256,0,256,801.02,19.57,1
535,DECODE,256,0,256,802.02,19.74,1
536,DECODE,256,0,256,803.02,19.72,1
537,DECODE,256,0,256,804.02,19.75,1
538,DECODE,256,0,256,805.02,19.85,1
539,DECODE,256,0,256,806.02,19.59,1
540,DECODE,256,0,256,807.02,19.58,1
541,DECODE,256,0,256,808.02,19.63,1
542,DECODE,256,0,256,809.02,19.66,1
543,DECODE,256,0,256,810.02,19.63,1
544,DECODE,256,0,256,811.02,19.66,1
545,DECODE,256,0,256,812.02,19.68,1
546,DECODE,256,0,256,813.02,19.59,1
547,DECODE,256,0,256,814.02,19.70,1
548,DECODE,256,0,256,815.02,19.63,1
549,DECODE,256,0,256,816.02,19.71,1
550,DECODE,255,0,255,817.09,20.06,1
551,EXTEND,1,26,0,824.00,53.85,1
552,DECODE,256,0,256,818.12,19.29,1
553,DECODE,256,0,256,819.12,19.45,1
554,DECODE,256,0,256,820.12,18.92,1
555,DECODE,256,0,256,821.12,18.95,1
556,DECODE,256,0,256,822.12,19.71,1
557,DECODE,256,0,256,823.12,19.73,1
558,DECODE,256,0,256,824.12,19.94,1
559,DECODE,256,0,256,825.12,19.93,1
560,DECODE,256,0,256,826.12,19.89,1
561,DECODE,256,0,256,827.12,19.94,1
562,DECODE,255,0,255,827.95,20.17,1
563,EXTEND,1,28,0,898.00,52.60,1
564,DECODE,256,0,256,829.23,19.10,1
565,DECODE,256,0,256,830.23,19.27,1
566,DECODE,256,0,256,831.23,19.00,1
567,DECODE,256,0,256,832.23,19.62,1
568,DECODE,256,0,256,833.23,19.64,1
569,DECODE,256,0,256,834.23,19.92,1
570,DECODE,256,0,256,835.23,19.88,1
571,DECODE,256,0,256,836.23,20.01,1
572,DECODE,256,0,256,837.23,19.93,1
573,DECODE,256,0,256,838.23,19.12,1
574,DECODE,256,0,256,839.23,18.89,1
575,DECODE,256,0,256,840.23,19.01,1
576,DECODE,256,0,256,841.23,19.06,1
577,DECODE,256,0,256,842.23,19.97,1
578,DECODE,256,0,256,843.23,20.40,1
579,DECODE,255,0,255,844.22,20.44,1
580,EXTEND,1,37,0,882.00,56.40,1
581,DECODE,256,0,256,845.37,19.12,1
582,DECODE,256,0,256,846.37,19.09,1
583,DECODE,256,0,256,847.37,19.09,1
584,DECODE,256,0,256,848.37,19.07,1
585,DECODE,256,0,256,849.37,19.12,1
586,DECODE,254,0,254,850.20,19.05,1
587,EXTEND,2,51,0,895.50,33.54,1
588,DECODE,256,0,256,851.56,18.97,1
589,DECODE,256,0,256,852.56,19.02,1
590,DECODE,256,0,256,853.56,19.10,1
591,DECODE,256,0,256,854.56,19.08,1
592,DECODE,256,0,256,855.56,19.12,1
593,DECODE,255,0,255,856.68,19.12,1
594,DECODE,255,0,255,857.68,19.14,1
595,DECODE,255,0,255,858.68,19.75,1
596,DECODE,253,0,253,860.08,19.90,1
597,EXTEND,2,59,0,837.00,52.00,1
598,EXTEND,1,30,0,880.00,34.63,1
599,DECODE,255,0,255,861.02,19.09,1
600,DECODE,255,0,255,862.02,18.92,1
601,DECODE,255,0,255,863.02,19.39,1
602,DECODE,255,0,255,864.02,18.98,1
603,DECODE,255,0,255,865.02,19.58,1
604,DECODE,255,0,255,866.02,19.42,1
605,DECODE,255,0,255,867.02,19.85,1
606,DECODE,255,0,255,868.02,20.01,1
607,DECODE,255,0,255,869.02,20.36,1
608,DECODE,255,0,255,870.02,20.06,1
609,DECODE,255,0,255,871.02,20.20,1
610,DECODE,255,0,255,872.02,20.23,1
611,DECODE,255,0,255,873.02,20.28,1
612,DECODE,254,0,254,873.94,20.51,1
613,EXTEND,1,42,0,936.00,62.46,1
614,DECODE,255,0,255,875.18,19.46,1
615,DECODE,255,0,255,876.18,19.35,1
616,DECODE,255,0,255,877.18,19.29,1
617,DECODE,255,0,255,878.18,19.86,1
618,DECODE,254,0,254,879.41,20.25,1
619,EXTEND,1,26,0,847.00,52.39,1
620,DECODE,255,0,255,880.28,19.35,1
621,DECODE,255,0,255,881.28,19.29,1
622,DECODE,255,0,255,882.28,20.30,1
623,DECODE,255,0,255,883.28,20.02,1
624,DECODE,255,0,255,884.28,20.29,1
625,DECODE,255,0,255,885.28,19.29,1
626,DECODE,255,0,255,886.28,19.84,1
627,DECODE,255,0,255,887.28,19.43,1
628,DECODE,255,0,255,888.28,20.31,1
629,DECODE,255,0,255,889.28,19.30,1
630,DECODE,255,0,255,890.28,19.25,1
631,DECODE,255,0,255,891.28,19.33,1
632,DECODE,255,0,255,892.28,19.36,1
633,DECODE,254,0,254,893.47,19.31,1
634,EXTEND,1,23,0,866.00,29.53,1
635,DECODE,255,0,255,894.36,19.39,1
636,DECODE,255,0,255,895.36,19.29,1
637,DECODE,255,0,255,896.36,19.52,1
638,DECODE,255,0,255,897.36,19.55,1
639,DECODE,254,0,254,898.57,20.24,1
640,EXTEND,1,27,0,873.00,38.36,1
641,DECODE,255,0,255,899.47,19.33,1
642,DECODE,255,0,255,900.47,19.39,1
643,DECODE,255,0,255,901.47,19.34,1
644,DECODE,255,0,255,902.47,19.60,1
645,DECODE,255,0,255,903.47,20.74,1
646,DECODE,255,0,255,904.47,20.19,1
647,DECODE,254,0,254,905.69,20.73,1
648,EXTEND,1,26,0,873.00,51.93,1
649,DECODE,255,0,255,906.56,19.49,1
650,DECODE,255,0,255,907.56,19.75,1
651,DECODE,255,0,255,908.56,19.56,1
652,DECODE,254,0,254,909.40,20.31,1
653,EXTEND,1,28,0,978.00,48.91,1
654,DECODE,254,0,254,910.55,19.36,1
655,DECODE,254,0,254,911.55,19.67,1
656,DECODE,254,0,254,912.55,20.01,1
657,DECODE,254,0,254,913.55,19.49,1
658,DECODE,254,0,254,914.55,20.47,1
659,DECODE,252,0,252,916.06,20.64,1
660,EXTEND,2,55,0,878.00,54.62,1
661,DECODE,254,0,254,916.76,19.42,1
662,DECODE,254,0,254,917.76,19.76,1
663,DECODE,253,0,253,918.95,20.72,1
664,EXTEND,1,31,0,900.00,29.40,1
665,DECODE,254,0,254,919.88,19.42,1
666,DECODE,254,0,254,920.88,20.02,1
667,DECODE,254,0,254,921.88,19.84,1
668,DECODE,254,0,254,922.88,19.86,1
669,DECODE,254,0,254,923.88,19.73,1
670,DECODE,253,0,253,924.96,20.52,1
671,EXTEND,1,26,0,930.00,49.99,1
672,DECODE,254,0,254,925.98,19.48,1
673,DECODE,254,0,254,926.98,20.33,1
674,DECODE,254,0,254,927.98,19.78,1
675,DECODE,253,0,253,929.10,20.43,1
676,DECODE,253,0,253,930.10,20.22,1
677,DECODE,253,0,253,931.10,20.48,1
678,DECODE,253,0,253,932.10,20.41,1
679,DECODE,252,0,252,933.29,20.77,1
680,EXTEND,1,26,0,912.00,52.07,1
681,DECODE,253,0,253,934.20,19.66,1
682,DECODE,253,0,253,935.20,20.16,1
683,DECODE,252,0,252,935.88,19.69,1
684,DECODE,252,0,252,936.88,19.52,1
685,DECODE,252,0,252,937.88,19.55,1
686,DECODE,251,0,251,938.81,19.71,1
687,EXTEND,1,24,0,980.00,28.73,1
688,DECODE,252,0,252,939.97,19.44,1
689,DECODE,252,0,252,940.97,19.58,1
690,DECODE,252,0,252,941.97,19.66,1
691,DECODE,252,0,252,942.97,19.60,1
692,DECODE,252,0,252,943.97,19.58,1
693,DECODE,252,0,252,944.97,19.59,1
694,DECODE,252,0,252,945.97,19.61,1
695,DECODE,252,0,252,946.97,20.55,1
696,DECODE,252,0,252,947.97,19.89,1
697,DECODE,251,0,251,948.78,20.04,1
698,EXTEND,1,27,0,1022.00,28.31,1
699,DECODE,251,0,251,950.27,19.45,1
700,EXTEND,1,45,0,945.00,33.24,1
701,DECODE,252,0,252,951.25,19.63,1
702,DECODE,252,0,252,952.25,19.59,1
703,DECODE,251,0,251,953.38,19.62,1
704,DECODE,251,0,251,954.38,19.59,1
705,DECODE,251,0,251,955.38,19.59,1
706,DECODE,251,0,251,956.38,19.37,1
707,DECODE,251,0,251,957.38,19.65,1
708,DECODE,251,0,251,958.38,19.59,1
709,DECODE,251,0,251,959.38,19.64,1
710,DECODE,251,0,251,960.38,19.61,1
711,DECODE,251,0,251,961.38,19.68,1
712,DECODE,251,0,251,962.38,19.70,1
713,DECODE,251,0,251,963.38,19.61,1
714,DECODE,251,0,251,964.38,19.57,1
715,DECODE,251,0,251,965.38,19.63,1
716,DECODE,250,0,250,966.36,19.71,1
717,DECODE,250,0,250,967.36,19.67,1
718,DECODE,250,0,250,968.36,19.80,1
719,DECODE,250,0,250,969.36,19.79,1
720,DECODE,249,0,249,970.70,19.80,1
721,EXTEND,1,29,0,915.00,36.83,1
722,DECODE,250,0,250,971.48,19.51,1
723,DECODE,250,0,250,972.48,19.79,1
724,DECODE,250,0,250,973.48,19.67,1
725,DECODE,249,0,249,974.41,19.77,1
726,EXTEND,1,27,0,1018.00,29.86,1
727,DECODE,249,0,249,975.63,19.58,1
728,EXTEND,1,27,0,990.00,28.24,1
729,DECODE,250,0,250,976.68,19.60,1
730,DECODE,250,0,250,977.68,19.66,1
731,DECODE,250,0,250,978.68,19.73,1
732,DECODE,249,0,249,979.73,19.78,1
733,EXTEND,1,28,0,994.00,28.66,1
734,DECODE,248,0,248,980.78,21.05,1
735,EXTEND,2,53,0,1007.50,32.52,1
736,DECODE,250,0,250,982.00,19.72,1
737,DECODE,250,0,250,983.00,19.79,1
738,DECODE,250,0,250,984.00,19.76,1
739,DECODE,250,0,250,985.00,19.80,1
740,DECODE,250,0,250,986.00,19.72,1
741,DECODE,250,0,250,987.00,19.84,1
742,DECODE,250,0,250,988.00,19.81,1
743,DECODE,250,0,250,989.00,19.84,1
744,DECODE,250,0,250,990.00,19.65,1
745,DECODE,250,0,250,991.00,19.75,1
746,DECODE,250,0,250,992.00,19.79,1
747,DECODE,249,0,249,992.98,19.73,1
748,DECODE,248,0,248,993.87,19.55,1
749,EXTEND,1,35,0,1054.00,32.92,1
750,DECODE,248,0,248,995.01,19.47,1
751,DECODE,248,0,248,996.01,19.50,1
752,DECODE,247,0,247,997.23,19.62,1
753,DECODE,247,0,247,998.23,19.58,1
754,DECODE,247,0,247,999.23,19.62,1
755,DECODE,247,0,247,1000.23,19.97,1
756,DECODE,247,0,247,1001.23,19.97,1
757,DECODE,247,0,247,1002.23,20.06,1
758,DECODE,247,0,247,1003.23,20.34,1
759,DECODE,245,0,245,1004.25,20.55,1
760,EXTEND,1,44,0,997.00,33.77,1
761,EXTEND,1,34,0,1084.00,32.21,1
762,DECODE,246,0,246,1005.36,19.62,1
763,DECODE,246,0,246,1006.36,19.70,1
764,DECODE,246,0,246,1007.36,19.52,1
765,DECODE,246,0,246,1008.36,19.74,1
766,DECODE,246,0,246,1009.36,20.02,1
767,DECODE,246,0,246,1010.36,19.77,1
768,DECODE,245,0,245,1011.26,20.58,1
769,EXTEND,1,26,0,1062.00,50.27,1
770,DECODE,246,0,246,1012.46,19.70,1
771,DECODE,246,0,246,1013.46,20.12,1
772,DECODE,246,0,246,1014.46,20.63,1
773,DECODE,246,0,246,1015.46,20.52,1
774,DECODE,246,0,246,1016.46,21.03,1
775,DECODE,246,0,246,1017.46,20.96,1
776,DECODE,245,0,245,1018.35,22.03,1
777,DECODE,245,0,245,1019.35,21.44,1
778,DECODE,245,0,245,1020.35,22.05,1
779,DECODE,245,0,245,1021.35,21.39,1
780,DECODE,245,0,245,1022.35,21.50,1
781,DECODE,245,0,245,1023.35,20.93,1
782,DECODE,245,0,245,1024.35,20.77,1
783,DECODE,245,0,245,1025.35,20.78,1
784,DECODE,245,0,245,1026.35,20.81,1
785,DECODE,244,0,244,1027.57,21.01,1
786,EXTEND,1,27,0,1000.00,52.85,1
787,DECODE,245,0,245,1028.45,19.85,1
788,DECODE,245,0,245,1029.45,19.97,1
789,DECODE,245,0,245,1030.45,19.84,1
790,DECODE,245,0,245,1031.45,20.66,1
791,DECODE,245,0,245,1032.45,20.95,1
792,DECODE,244,0,244,1033.31,21.03,1
793,DECODE,243,0,243,1034.56,21.10,1
794,EXTEND,1,26,0,1000.00,52.97,1
795,DECODE,244,0,244,1035.41,20.01,1
796,DECODE,244,0,244,1036.41,19.85,1
797,DECODE,244,0,244,1037.41,19.84,1
798,DECODE,244,0,244,1038.41,19.91,1
799,DECODE,244,0,244,1039.41,19.85,1
800,DECODE,244,0,244,1040.41,19.91,1
801,DECODE,244,0,244,1041.41,20.86,1
802,DECODE,244,0,244,1042.41,21.05,1
803,DECODE,244,0,244,1043.41,20.96,1
804,DECODE,244,0,244,1044.41,20.81,1
805,DECODE,244,0,244,1045.41,20.87,1
806,DECODE,244,0,244,1046.41,20.79,1
807,DECODE,243,0,243,1047.25,21.83,1
808,EXTEND,1,28,0,1114.00,54.53,1
809,DECODE,244,0,244,1048.52,20.40,1
810,DECODE,244,0,244,1049.52,20.30,1
811,DECODE,244,0,244,1050.52,20.76,1
812,DECODE,244,0,244,1051.52,20.63,1
813,DECODE,244,0,244,1052.52,20.64,1
814,DECODE,244,0,244,1053.52,20.66,1
815,DECODE,244,0,244,1054.52,20.71,1
816,DECODE,244,0,244,1055.52,20.79,1
817,DECODE,244,0,244,1056.52,20.68,1
818,DECODE,244,0,244,1057.52,20.64,1
819,DECODE,244,0,244,1058.52,20.64,1
820,DECODE,244,0,244,1059.52,20.63,1
821,DECODE,244,0,244,1060.52,20.92,1
822,DECODE,244,0,244,1061.52,20.89,1
823,DECODE,243,0,243,1062.55,21.18,1
824,EXTEND,1,26,0,1082.00,53.91,1
825,DECODE,243,0,243,1063.65,20.10,1
826,EXTEND,1,24,0,1081.00,32.04,1
827,DECODE,243,0,243,1064.53,19.84,1
828,EXTEND,1,28,0,1137.00,27.87,1
829,DECODE,244,0,244,1065.83,19.88,1
830,DECODE,244,0,244,1066.83,20.22,1
831,DECODE,244,0,244,1067.83,20.07,1
832,DECODE,243,0,243,1069.05,20.47,1
833,EXTEND,1,26,0,1042.00,40.49,1
834,EXTEND,1,29,0,1013.00,27.96,1
835,DECODE,244,0,244,1070.05,19.83,1
836,DECODE,244,0,244,1071.05,19.94,1
837,DECODE,244,0,244,1072.05,20.25,1
838,DECODE,244,0,244,1073.05,19.99,1
839,DECODE,244,0,244,1074.05,20.27,1
840,DECODE,244,0,244,1075.05,20.51,1
841,DECODE,244,0,244,1076.05,20.80,1
842,DECODE,243,0,243,1077.05,19.98,1
843,EXTEND,1,27,0,1105.00,50.62,1
844,EXTEND,1,28,0,1091.00,28.25,1
845,EXTEND,1,34,0,1062.00,28.19,1
846,DECODE,244,0,244,1078.41,19.92,1
847,DECODE,244,0,244,1079.41,20.02,1
848,DECODE,244,0,244,1080.41,20.20,1
849,DECODE,244,0,244,1081.41,20.07,1
850,DECODE,244,0,244,1082.41,20.07,1
851,DECODE,244,0,244,1083.41,20.03,1
852,DECODE,244,0,244,1084.41,20.72,1
853,DECODE,244,0,244,1085.41,20.78,1
854,DECODE,244,0,244,1086.41,20.65,1
855,DECODE,242,0,242,1087.52,21.26,1
856,EXTEND,2,55,0,1100.50,52.50,1
857,DECODE,244,0,244,1088.63,20.27,1
858,DECODE,244,0,244,1089.63,20.09,1
859,DECODE,244,0,244,1090.63,20.37,1
860,DECODE,244,0,244,1091.63,20.06,1
861,DECODE,244,0,244,1092.63,20.17,1
862,DECODE,243,0,243,1093.45,20.65,1
863,EXTEND,1,34,0,1171.00,50.25,1
864,DECODE,243,0,243,1094.79,20.29,1
865,EXTEND,1,27,0,1114.00,29.46,1
866,DECODE,244,0,244,1095.87,20.70,1
867,DECODE,244,0,244,1096.87,20.18,1
868,DECODE,244,0,244,1097.87,20.66,1
869,DECODE,244,0,244,1098.87,20.53,1
870,DECODE,243,0,243,1099.86,20.29,1
871,DECODE,243,0,243,1100.86,20.83,1
872,DECODE,243,0,243,1101.86,20.94,1
873,DECODE,243,0,243,1102.86,21.08,1
874,DECODE,243,0,243,1103.86,21.17,1
875,DECODE,243,0,243,1104.86,21.13,1
876,DECODE,242,0,242,1105.69,21.28,1
877,DECODE,242,0,242,1106.69,21.04,1
878,DECODE,240,0,240,1107.39,24.55,1
879,EXTEND,1,27,0,1149.00,55.99,1
880,DECODE,241,0,241,1108.56,20.13,1
881,DECODE,241,0,241,1109.56,20.98,1
882,DECODE,240,0,240,1110.65,21.27,1
883,EXTEND,1,33,0,1121.00,47.97,1
884,DECODE,241,0,241,1111.69,20.32,1
885,DECODE,241,0,241,1112.69,20.19,1
886,DECODE,241,0,241,1113.69,20.50,1
887,DECODE,241,0,241,1114.69,20.71,1
888,DECODE,240,0,240,1115.90,20.86,1
889,EXTEND,1,33,0,1098.00,50.31,1
890,DECODE,241,0,241,1116.83,20.09,1
891,DECODE,241,0,241,1117.83,20.20,1
892,DECODE,241,0,241,1118.83,20.20,1
893,DECODE,241,0,241,1119.83,21.45,1
894,DECODE,241,0,241,1120.83,20.76,1
895,DECODE,241,0,241,1121.83,21.59,1
896,DECODE,241,0,241,1122.83,21.07,1
897,DECODE,241,0,241,1123.83,20.69,1
898,DECODE,241,0,241,1124.83,20.71,1
899,DECODE,241,0,241,1125.83,20.27,1
900,DECODE,241,0,241,1126.83,20.26,1
901,DECODE,241,0,241,1127.83,20.27,1
902,DECODE,241,0,241,1128.83,20.29,1
903,DECODE,241,0,241,1129.83,20.33,1
904,DECODE,241,0,241,1130.83,21.45,1
905,DECODE,241,0,241,1131.83,20.39,1
906,DECODE,241,0,241,1132.83,20.37,1
907,DECODE,241,0,241,1133.83,20.32,1
908,DECODE,240,0,240,1134.82,20.27,1
909,DECODE,240,0,240,1135.82,20.12,1
910,DECODE,240,0,240,1136.82,20.21,1
911,DECODE,240,0,240,1137.82,20.19,1
912,DECODE,239,0,239,1138.83,20.51,1
913,EXTEND,1,27,0,1162.00,29.11,1
914,DECODE,239,0,239,1139.82,20.02,1
915,EXTEND,1,29,0,1192.00,28.26,1
916,DECODE,238,0,238,1140.92,20.03,1
917,EXTEND,2,61,0,1185.00,32.81,1
918,DECODE,239,0,239,1142.44,20.14,1
919,DECODE,239,0,239,1143.44,20.38,1
920,DECODE,239,0,239,1144.44,20.60,1
921,DECODE,239,0,239,1145.44,21.11,1
922,DECODE,239,0,239,1146.44,20.61,1
923,DECODE,239,0,239,1147.44,20.28,1
924,DECODE,239,0,239,1148.44,20.48,1
925,DECODE,239,0,239,1149.44,21.19,1
926,DECODE,239,0,239,1150.44,21.30,1
927,DECODE,239,0,239,1151.44,21.40,1
928,DECODE,239,0,239,1152.44,20.53,1
929,DECODE,239,0,239,1153.44,20.31,1
930,DECODE,239,0,239,1154.44,20.26,1
931,DECODE,239,0,239,1155.44,21.08,1
932,DECODE,239,0,239,1156.44,21.14,1
933,DECODE,238,0,238,1157.64,21.43,1
934,EXTEND,1,27,0,1135.00,52.29,1
935,DECODE,239,0,239,1158.55,20.44,1
936,DECODE,239,0,239,1159.55,20.41,1
937,DECODE,238,0,238,1160.83,21.22,1
938,EXTEND,1,28,0,1121.00,48.52,1
939,DECODE,239,0,239,1161.66,20.30,1
940,DECODE,239,0,239,1162.66,20.75,1
941,DECODE,239,0,239,1163.66,20.61,1
942,DECODE,239,0,239,1164.66,21.34,1
943,DECODE,239,0,239,1165.66,21.22,1
944,DECODE,239,0,239,1166.66,21.34,1
945,DECODE,239,0,239,1167.66,21.26,1
946,DECODE,239,0,239,1168.66,21.25,1
947,DECODE,239,0,239,1169.66,21.44,1
948,DECODE,239,0,239,1170.66,21.26,1
949,DECODE,239,0,239,1171.66,21.33,1
950,DECODE,239,0,239,1172.66,21.36,1
951,DECODE,239,0,239,1173.66,21.25,1
952,DECODE,238,0,238,1174.89,21.60,1
953,EXTEND,1,24,0,1142.00,52.17,1
954,DECODE,238,0,238,1175.84,20.34,1
955,DECODE,238,0,238,1176.84,20.73,1
956,DECODE,238,0,238,1177.84,21.26,1
957,DECODE,238,0,238,1178.84,20.60,1
958,DECODE,238,0,238,1179.84,20.75,1
959,DECODE,238,0,238,1180.84,21.23,1
960,DECODE,238,0,238,1181.84,21.35,1
961,DECODE,238,0,238,1182.84,21.33,1
962,DECODE,238,0,238,1183.84,21.32,1
963,DECODE,238,0,238,1184.84,21.30,1
964,DECODE,238,0,238,1185.84,21.32,1
965,DECODE,237,0,237,1186.87,21.94,1
966,DECODE,237,0,237,1187.87,20.66,1
967,DECODE,237,0,237,1188.87,21.32,1
968,DECODE,237,0,237,1189.87,21.37,1
969,DECODE,237,0,237,1190.87,21.29,1
970,DECODE,237,0,237,1191.87,21.45,1
971,DECODE,237,0,237,1192.87,21.50,1
972,DECODE,237,0,237,1193.87,21.52,1
973,DECODE,236,0,236,1194.67,22.82,1
974,DECODE,236,0,236,1195.67,21.53,1
975,DECODE,236,0,236,1196.67,21.42,1
976,DECODE,236,0,236,1197.67,21.51,1
977,DECODE,236,0,236,1198.67,21.56,1
978,DECODE,236,0,236,1199.67,20.94,1
979,DECODE,236,0,236,1200.67,21.52,1
980,DECODE,235,0,235,1201.37,21.72,1
981,DECODE,235,0,235,1202.37,21.39,1
982,DECODE,235,0,235,1203.37,21.30,1
983,DECODE,235,0,235,1204.37,21.32,1
984,DECODE,235,0,235,1205.37,21.34,1
985,DECODE,234,0,234,1206.31,22.10,1
986,DECODE,234,0,234,1207.31,21.63,1
987,DECODE,234,0,234,1208.31,21.63,1
988,DECODE,234,0,234,1209.31,21.58,1
989,DECODE,234,0,234,1210.31,21.54,1
990,DECODE,233,0,233,1211.52,21.74,1
991,EXTEND,1,33,0,1193.00,53.04,1
992,DECODE,234,0,234,1212.44,20.56,1
993,DECODE,234,0,234,1213.44,21.35,1
994,DECODE,234,0,234,1214.44,21.37,1
995,DECODE,234,0,234,1215.44,21.14,1
996,DECODE,234,0,234,1216.44,21.44,1
997,DECODE,234,0,234,1217.44,21.41,1
998,DECODE,234,0,234,1218.44,21.41,1
999,DECODE,234,0,234,1219.44,21.34,1
1000,DECODE,233,0,233,1220.60,21.67,1
1001,DECODE,233,0,233,1221.60,21.61,1
1002,DECODE,232,0,232,1222.53,24.86,1
1003,DECODE,232,0,232,1223.53,21.55,1
1004,DECODE,232,0,232,1224.53,21.44,1
1005,DECODE,232,0,232,1225.53,21.44,1
1006,DECODE,232,0,232,1226.53,21.48,1
1007,DECODE,232,0,232,1227.53,21.52,1
1008,DECODE,232,0,232,1228.53,20.67,1
1009,DECODE,232,0,232,1229.53,21.30,1
1010,DECODE,232,0,232,1230.53,21.20,1
1011,DECODE,232,0,232,1231.53,21.41,1
1012,DECODE,232,0,232,1232.53,21.24,1
1013,DECODE,232,0,232,1233.53,21.32,1
1014,DECODE,232,0,232,1234.53,21.27,1
1015,DECODE,232,0,232,1235.53,21.58,1
1016,DECODE,232,0,232,1236.53,21.38,1
1017,DECODE,232,0,232,1237.53,21.39,1
1018,DECODE,231,0,231,1238.74,21.71,1
1019,EXTEND,1,26,0,1214.00,51.56,1
1020,DECODE,232,0,232,1239.63,20.82,1
1021,DECODE,232,0,232,1240.63,20.53,1
1022,DECODE,232,0,232,1241.63,20.21,1
1023,DECODE,232,0,232,1242.63,20.57,1
1024,DECODE,232,0,232,1243.63,20.46,1
1025,DECODE,232,0,232,1244.63,20.97,1
1026,DECODE,232,0,232,1245.63,20.49,1
1027,DECODE,232,0,232,1246.63,21.37,1
1028,DECODE,232,0,232,1247.63,21.21,1
1029,DECODE,232,0,232,1248.63,21.16,1
1030,DECODE,232,0,232,1249.63,21.25,1
1031,DECODE,231,0,231,1250.90,21.61,1
1032,EXTEND,1,26,0,1214.00,50.48,1
1033,DECODE,232,0,232,1251.74,20.65,1
1034,DECODE,232,0,232,1252.74,20.69,1
1035,DECODE,232,0,232,1253.74,21.26,1
1036,DECODE,232,0,232,1254.74,21.18,1
1037,DECODE,231,0,231,1255.98,21.03,1
1038,EXTEND,1,27,0,1226.00,30.02,1
1039,DECODE,232,0,232,1256.85,21.33,1
1040,DECODE,232,0,232,1257.85,20.87,1
1041,DECODE,232,0,232,1258.85,20.83,1
1042,DECODE,232,0,232,1259.85,20.71,1
1043,DECODE,232,0,232,1260.85,20.73,1
1044,DECODE,232,0,232,1261.85,20.77,1
1045,DECODE,232,0,232,1262.85,20.57,1
1046,DECODE,232,0,232,1263.85,21.01,1
1047,DECODE,232,0,232,1264.85,21.09,1
1048,DECODE,232,0,232,1265.85,21.60,1
1049,DECODE,232,0,232,1266.85,20.87,1
1050,DECODE,232,0,232,1267.85,20.90,1
1051,DECODE,232,0,232,1268.85,21.10,1
1052,DECODE,231,0,231,1270.09,21.41,1
1053,EXTEND,1,26,0,1241.00,31.88,1
1054,DECODE,232,0,232,1270.96,20.92,1
1055,DECODE,232,0,232,1271.96,20.79,1
1056,DECODE,232,0,232,1272.96,21.00,1
1057,DECODE,232,0,232,1273.96,20.81,1
1058,DECODE,232,0,232,1274.96,20.82,1
1059,DECODE,232,0,232,1275.96,20.50,1
1060,DECODE,232,0,232,1276.96,20.89,1
1061,DECODE,232,0,232,1277.96,22.16,1
1062,DECODE,232,0,232,1278.96,21.57,1
1063,DECODE,232,0,232,1279.96,21.62,1
1064,DECODE,232,0,232,1280.96,21.56,1
1065,DECODE,231,0,231,1282.00,22.02,1
1066,DECODE,231,0,231,1283.00,21.64,1
1067,DECODE,231,0,231,1284.00,21.65,1
1068,DECODE,231,0,231,1285.00,21.55,1
1069,DECODE,231,0,231,1286.00,21.55,1
1070,DECODE,231,0,231,1287.00,21.66,1
1071,DECODE,231,0,231,1288.00,21.58,1
1072,DECODE,231,0,231,1289.00,21.64,1
1073,DECODE,231,0,231,1290.00,21.60,1
1074,DECODE,229,0,229,1290.73,21.81,1
1075,EXTEND,1,23,0,1336.00,53.01,1
1076,DECODE,229,0,229,1291.65,20.73,1
1077,DECODE,229,0,229,1292.65,20.74,1
1078,DECODE,228,0,228,1293.81,20.98,1
1079,DECODE,228,0,228,1294.81,21.49,1
1080,DECODE,228,0,228,1295.81,21.43,1
1081,DECODE,228,0,228,1296.81,21.60,1
1082,DECODE,227,0,227,1297.74,21.67,1
1083,EXTEND,1,27,0,1340.00,53.31,1
1084,DECODE,228,0,228,1298.92,20.82,1
1085,DECODE,228,0,228,1299.92,21.68,1
1086,DECODE,228,0,228,1300.92,21.31,1
1087,DECODE,228,0,228,1301.92,20.88,1
1088,DECODE,228,0,228,1302.92,21.77,1
1089,DECODE,228,0,228,1303.92,21.69,1
1090,DECODE,228,0,228,1304.92,21.80,1
1091,DECODE,227,0,227,1306.15,22.01,1
1092,EXTEND,1,44,0,1296.00,51.37,1
1093,DECODE,228,0,228,1307.11,20.88,1
1094,DECODE,228,0,228,1308.11,20.85,1
1095,DECODE,228,0,228,1309.11,20.94,1
1096,DECODE,227,0,227,1310.23,21.52,1
1097,EXTEND,1,35,0,1316.00,31.54,1
1098,DECODE,228,0,228,1311.26,20.99,1
1099,DECODE,228,0,228,1312.26,21.12,1
1100,DECODE,228,0,228,1313.26,21.08,1
1101,DECODE,228,0,228,1314.26,21.25,1
1102,DECODE,228,0,228,1315.26,21.04,1
1103,DECODE,228,0,228,1316.26,21.53,1
1104,DECODE,227,0,227,1317.56,21.04,1
1105,EXTEND,1,28,0,1277.00,34.48,1
1106,DECODE,228,0,228,1318.38,21.06,1
1107,DECODE,228,0,228,1319.38,21.52,1
1108,DECODE,228,0,228,1320.38,20.91,1
1109,DECODE,228,0,228,1321.38,21.03,1
1110,DECODE,228,0,228,1322.38,21.06,1
1111,DECODE,228,0,228,1323.38,20.92,1
1112,DECODE,227,0,227,1324.10,20.88,1
1113,DECODE,227,0,227,1325.10,20.93,1
1114,DECODE,227,0,227,1326.10,20.73,1
1115,DECODE,227,0,227,1327.10,20.77,1
1116,DECODE,227,0,227,1328.10,20.92,1
1117,DECODE,227,0,227,1329.10,20.97,1
1118,DECODE,226,0,226,1330.21,21.00,1
1119,DECODE,226,0,226,1331.21,21.07,1
1120,DECODE,226,0,226,1332.21,21.04,1
1121,DECODE,226,0,226,1333.21,20.94,1
1122,DECODE,225,0,225,1334.16,20.85,1
1123,DECODE,225,0,225,1335.16,20.94,1
1124,DECODE,225,0,225,1336.16,20.94,1
1125,DECODE,224,0,224,1337.06,20.96,1
1126,DECODE,224,0,224,1338.06,20.76,1
1127,DECODE,224,0,224,1339.06,20.73,1
1128,DECODE,224,0,224,1340.06,21.34,1
1129,DECODE,223,0,223,1341.36,21.25,1
1130,EXTEND,1,28,0,1301.00,29.81,1
1131,DECODE,224,0,224,1342.18,20.62,1
1132,DECODE,224,0,224,1343.18,20.56,1
1133,DECODE,224,0,224,1344.18,20.79,1
1134,DECODE,224,0,224,1345.18,21.38,1
1135,DECODE,223,0,223,1346.26,21.59,1
1136,EXTEND,1,25,0,1354.00,37.61,1
1137,DECODE,224,0,224,1347.29,20.79,1
1138,DECODE,224,0,224,1348.29,20.69,1
1139,DECODE,224,0,224,1349.29,20.91,1
1140,DECODE,224,0,224,1350.29,20.92,1
1141,DECODE,224,0,224,1351.29,20.62,1
1142,DECODE,222,0,222,1352.32,20.80,1
1143,EXTEND,2,55,0,1375.00,30.13,1
1144,DECODE,223,0,223,1353.75,20.77,1
1145,DECODE,223,0,223,1354.75,20.80,1
1146,DECODE,223,0,223,1355.75,21.47,1
1147,DECODE,223,0,223,1356.75,21.55,1
1148,DECODE,223,0,223,1357.75,20.79,1
1149,DECODE,222,0,222,1358.86,21.96,1
1150,DECODE,222,0,222,1359.86,21.58,1
1151,DECODE,222,0,222,1360.86,21.35,1
1152,DECODE,222,0,222,1361.86,21.48,1
1153,DECODE,222,0,222,1362.86,21.38,1
1154,DECODE,222,0,222,1363.86,21.46,1
1155,DECODE,222,0,222,1364.86,21.17,1
1156,DECODE,221,0,221,1365.52,21.69,1
1157,DECODE,221,0,221,1366.52,21.36,1
1158,DECODE,221,0,221,1367.52,21.17,1
1159,DECODE,220,0,220,1368.71,21.81,1
1160,EXTEND,1,29,0,1354.00,54.61,1
1161,DECODE,221,0,221,1369.65,20.93,1
1162,DECODE,221,0,221,1370.65,20.85,1
1163,DECODE,221,0,221,1371.65,20.78,1
1164,DECODE,221,0,221,1372.65,21.73,1
1165,DECODE,220,0,220,1373.69,22.10,1
1166,EXTEND,1,23,0,1387.00,50.44,1
1167,EXTEND,1,66,0,1411.00,37.28,1
1168,DECODE,221,0,221,1375.05,20.84,1
1169,DECODE,221,0,221,1376.05,21.36,1
1170,DECODE,221,0,221,1377.05,21.08,1
1171,DECODE,221,0,221,1378.05,21.48,1
1172,DECODE,221,0,221,1379.05,21.18,1
1173,DECODE,221,0,221,1380.05,20.92,1
1174,DECODE,221,0,221,1381.05,20.87,1
1175,DECODE,221,0,221,1382.05,21.05,1
1176,DECODE,221,0,221,1383.05,21.87,1
1177,DECODE,221,0,221,1384.05,21.81,1
1178,DECODE,221,0,221,1385.05,21.89,1
1179,DECODE,221,0,221,1386.05,22.06,1
1180,DECODE,221,0,221,1387.05,22.11,1
1181,DECODE,221,0,221,1388.05,21.87,1
1182,DECODE,221,0,221,1389.05,21.99,1
1183,DECODE,221,0,221,1390.05,21.91,1
1184,DECODE,221,0,221,1391.05,21.98,1
1185,DECODE,221,0,221,1392.05,21.90,1
1186,DECODE,221,0,221,1393.05,21.92,1
1187,DECODE,221,0,221,1394.05,21.93,1
1188,DECODE,221,0,221,1395.05,21.94,1
1189,DECODE,221,0,221,1396.05,21.94,1
1190,DECODE,221,0,221,1397.05,21.73,1
1191,DECODE,221,0,221,1398.05,21.85,1
1192,DECODE,219,0,219,1399.08,22.28,1
1193,DECODE,219,0,219,1400.08,22.09,1
1194,DECODE,219,0,219,1401.08,22.12,1
1195,DECODE,219,0,219,1402.08,21.04,1
1196,DECODE,219,0,219,1403.08,20.97,1
1197,DECODE,219,0,219,1404.08,21.26,1
1198,DECODE,219,0,219,1405.08,21.10,1
1199,DECODE,219,0,219,1406.08,21.30,1
1200,DECODE,219,0,219,1407.08,21.08,1
1201,DECODE,219,0,219,1408.08,21.13,1
1202,DECODE,219,0,219,1409.08,21.12,1
1203,DECODE,219,0,219,1410.08,21.19,1
1204,DECODE,219,0,219,1411.08,21.12,1
1205,DECODE,219,0,219,1412.08,21.16,1
1206,DECODE,219,0,219,1413.08,21.13,1
1207,DECODE,219,0,219,1414.08,21.36,1
1208,DECODE,219,0,219,1415.08,21.13,1
1209,DECODE,219,0,219,1416.08,21.37,1
1210,DECODE,219,0,219,1417.08,21.15,1
1211,DECODE,219,0,219,1418.08,21.13,1
1212,DECODE,219,0,219,1419.08,21.17,1
1213,DECODE,219,0,219,1420.08,21.37,1
1214,DECODE,219,0,219,1421.08,21.17,1
1215,DECODE,219,0,219,1422.08,22.08,1
1216,DECODE,219,0,219,1423.08,22.13,1
1217,DECODE,219,0,219,1424.08,22.16,1
1218,DECODE,219,0,219,1425.08,21.78,1
1219,DECODE,219,0,219,1426.08,21.79,1
1220,DECODE,219,0,219,1427.08,22.26,1
1221,DECODE,219,0,219,1428.08,22.14,1
1222,DECODE,219,0,219,1429.08,22.28,1
1223,DECODE,219,0,219,1430.08,22.43,1
1224,DECODE,219,0,219,1431.08,22.35,1
1225,DECODE,219,0,219,1432.08,22.21,1
1226,DECODE,219,0,219,1433.08,22.09,1
1227,DECODE,219,0,219,1434.08,22.23,1
1228,DECODE,219,0,219,1435.08,22.19,1
1229,DECODE,219,0,219,1436.08,24.20,1
1230,DECODE,219,0,219,1437.08,22.18,1
1231,DECODE,219,0,219,1438.08,22.21,1
1232,DECODE,219,0,219,1439.08,22.44,1
1233,DECODE,219,0,219,1440.08,22.25,1
1234,DECODE,219,0,219,1441.08,22.32,1
1235,DECODE,219,0,219,1442.08,22.41,1
1236,DECODE,219,0,219,1443.08,22.30,1
1237,DECODE,219,0,219,1444.08,22.99,1
1238,DECODE,219,0,219,1445.08,22.15,1
1239,DECODE,219,0,219,1446.08,21.29,1
1240,DECODE,219,0,219,1447.08,22.62,1
1241,DECODE,219,0,219,1448.08,22.52,1
1242,DECODE,219,0,219,1449.08,22.14,1
1243,DECODE,219,0,219,1450.08,22.73,1
1244,DECODE,219,0,219,1451.08,22.32,1
1245,DECODE,219,0,219,1452.08,22.39,1
1246,DECODE,219,0,219,1453.08,22.32,1
1247,DECODE,219,0,219,1454.08,22.12,1
1248,DECODE,219,0,219,1455.08,22.54,1
1249,DECODE,219,0,219,1456.08,22.12,1
1250,DECODE,219,0,219,1457.08,22.12,1
1251,DECODE,219,0,219,1458.08,22.02,1
1252,DECODE,219,0,219,1459.08,21.37,1
1253,DECODE,219,0,219,1460.08,21.32,1
1254,DECODE,219,0,219,1461.08,21.27,1
1255,DECODE,219,0,219,1462.08,21.96,1
1256,DECODE,219,0,219,1463.08,22.05,1
1257,DECODE,219,0,219,1464.08,21.91,1
1258,DECODE,219,0,219,1465.08,22.28,1
1259,DECODE,218,0,218,1465.79,22.66,1
1260,DECODE,218,0,218,1466.79,21.63,1
1261,DECODE,218,0,218,1467.79,22.38,1
1262,DECODE,218,0,218,1468.79,22.15,1
1263,DECODE,218,0,218,1469.79,22.20,1
1264,DECODE,218,0,218,1470.79,22.18,1
1265,DECODE,218,0,218,1471.79,22.31,1
1266,DECODE,217,0,217,1472.41,22.73,1
1267,EXTEND,1,29,0,1582.00,60.11,1
1268,DECODE,218,0,218,1473.92,21.88,1
1269,DECODE,218,0,218,1474.92,21.52,1
1270,DECODE,218,0,218,1475.92,21.42,1
1271,DECODE,218,0,218,1476.92,21.34,1
1272,DECODE,218,0,218,1477.92,21.40,1
1273,DECODE,218,0,218,1478.92,21.44,1
1274,DECODE,218,0,218,1479.92,21.61,1
1275,DECODE,218,0,218,1480.92,21.45,1
1276,DECODE,218,0,218,1481.92,22.08,1
1277,DECODE,218,0,218,1482.92,21.96,1
1278,DECODE,218,0,218,1483.92,21.66,1
1279,DECODE,218,0,218,1484.92,22.38,1
1280,DECODE,217,0,217,1486.05,22.59,1
1281,EXTEND,1,35,0,1491.00,50.87,1
1282,DECODE,217,0,217,1487.18,21.75,1
1283,EXTEND,1,33,0,1495.00,31.26,1
1284,DECODE,218,0,218,1488.22,21.68,1
1285,DECODE,218,0,218,1489.22,21.87,1
1286,DECODE,218,0,218,1490.22,21.87,1
1287,DECODE,218,0,218,1491.22,22.40,1
1288,DECODE,218,0,218,1492.22,21.44,1
1289,DECODE,218,0,218,1493.22,22.06,1
1290,DECODE,217,0,217,1494.45,22.02,1
1291,EXTEND,1,28,0,1472.00,43.58,1
1292,DECODE,218,0,218,1495.34,21.71,1
1293,DECODE,218,0,218,1496.34,21.81,1
1294,DECODE,218,0,218,1497.34,22.84,1
1295,DECODE,218,0,218,1498.34,21.66,1
1296,DECODE,218,0,218,1499.34,21.69,1
1297,DECODE,217,0,217,1500.44,21.82,1
1298,DECODE,217,0,217,1501.44,21.72,1
1299,DECODE,217,0,217,1502.44,21.64,1
1300,DECODE,217,0,217,1503.44,22.56,1
1301,DECODE,217,0,217,1504.44,22.50,1
1302,DECODE,217,0,217,1505.44,21.71,1
1303,DECODE,217,0,217,1506.44,21.72,1
1304,DECODE,217,0,217,1507.44,21.65,1
1305,DECODE,217,0,217,1508.44,21.58,1
1306,DECODE,217,0,217,1509.44,22.04,1
1307,DECODE,217,0,217,1510.44,21.90,1
1308,DECODE,217,0,217,1511.44,21.94,1
1309,DECODE,217,0,217,1512.44,22.02,1
1310,DECODE,217,0,217,1513.44,21.91,1
1311,DECODE,217,0,217,1514.44,21.86,1
1312,DECODE,216,0,216,1515.44,23.28,1
1313,EXTEND,1,49,0,1564.00,34.84,1
1314,DECODE,217,0,217,1516.66,21.75,1
1315,DECODE,217,0,217,1517.66,21.79,1
1316,DECODE,217,0,217,1518.66,21.84,1
1317,DECODE,217,0,217,1519.66,22.17,1
1318,DECODE,217,0,217,1520.66,21.86,1
1319,DECODE,217,0,217,1521.66,21.92,1
1320,DECODE,217,0,217,1522.66,22.05,1
1321,DECODE,217,0,217,1523.66,21.86,1
1322,DECODE,217,0,217,1524.66,21.94,1
1323,DECODE,217,0,217,1525.66,22.07,1
1324,DECODE,217,0,217,1526.66,22.04,1
1325,DECODE,217,0,217,1527.66,22.24,1
1326,DECODE,217,0,217,1528.66,22.04,1
1327,DECODE,217,0,217,1529.66,21.97,1
1328,DECODE,217,0,217,1530.66,22.26,1
1329,DECODE,217,0,217,1531.66,21.86,1
1330,DECODE,217,0,217,1532.66,21.92,1
1331,DECODE,217,0,217,1533.66,22.81,1
1332,DECODE,217,0,217,1534.66,22.83,1
1333,DECODE,217,0,217,1535.66,22.74,1
1334,DECODE,217,0,217,1536.66,22.89,1
1335,DECODE,217,0,217,1537.66,22.87,1
1336,DECODE,217,0,217,1538.66,22.97,1
1337,DECODE,217,0,217,1539.66,23.05,1
1338,DECODE,217,0,217,1540.66,22.91,1
1339,DECODE,217,0,217,1541.66,23.06,1
1340,DECODE,216,0,216,1542.67,23.05,1
1341,EXTEND,1,28,0,1568.00,52.99,1
1342,DECODE,217,0,217,1543.78,21.75,1
1343,DECODE,217,0,217,1544.78,22.37,1
1344,DECODE,217,0,217,1545.78,22.62,1
1345,DECODE,217,0,217,1546.78,22.41,1
1346,DECODE,217,0,217,1547.78,22.81,1
1347,DECODE,217,0,217,1548.78,22.64,1
1348,DECODE,217,0,217,1549.78,22.66,1
1349,DECODE,217,0,217,1550.78,22.99,1
1350,DECODE,217,0,217,1551.78,22.84,1
1351,DECODE,217,0,217,1552.78,22.90,1
1352,DECODE,217,0,217,1553.78,22.83,1
1353,DECODE,217,0,217,1554.78,23.02,1
1354,DECODE,216,0,216,1555.44,23.27,1
1355,DECODE,216,0,216,1556.44,22.66,1
1356,DECODE,216,0,216,1557.44,23.00,1
1357,DECODE,216,0,216,1558.44,22.91,1
1358,DECODE,216,0,216,1559.44,23.16,1
1359,DECODE,216,0,216,1560.44,22.65,1
1360,DECODE,216,0,216,1561.44,22.44,1
1361,DECODE,216,0,216,1562.44,22.44,1
1362,DECODE,216,0,216,1563.44,22.59,1
1363,DECODE,216,0,216,1564.44,22.43,1
1364,DECODE,216,0,216,1565.44,22.35,1
1365,DECODE,216,0,216,1566.44,22.71,1
1366,DECODE,216,0,216,1567.44,22.45,1
1367,DECODE,216,0,216,1568.44,22.47,1
1368,DECODE,216,0,216,1569.44,22.47,1
1369,DECODE,216,0,216,1570.44,22.43,1
1370,DECODE,216,0,216,1571.44,22.39,1
1371,DECODE,214,0,214,1572.04,22.79,1
1372,EXTEND,1,28,0,1621.00,53.23,1
1373,DECODE,215,0,215,1573.27,21.71,1
1374,DECODE,215,0,215,1574.27,21.68,1
1375,DECODE,215,0,215,1575.27,21.98,1
1376,DECODE,214,0,214,1576.07,22.67,1
1377,EXTEND,1,34,0,1651.00,45.73,1
1378,DECODE,215,0,215,1577.42,21.53,1
1379,DECODE,215,0,215,1578.42,21.62,1
1380,DECODE,215,0,215,1579.42,21.97,1
1381,DECODE,215,0,215,1580.42,22.23,1
1382,DECODE,215,0,215,1581.42,22.39,1
1383,DECODE,214,0,214,1582.62,22.95,1
1384,DECODE,214,0,214,1583.62,22.44,1
1385,DECODE,214,0,214,1584.62,22.40,1
1386,DECODE,213,0,213,1585.45,22.89,1
1387,EXTEND,1,99,0,1720.00,63.81,1
1388,EXTEND,1,29,0,1571.00,28.99,1
1389,DECODE,214,0,214,1587.21,21.47,1
1390,DECODE,214,0,214,1588.21,21.75,1
1391,DECODE,214,0,214,1589.21,21.83,1
1392,DECODE,214,0,214,1590.21,22.03,1
1393,DECODE,214,0,214,1591.21,22.08,1
1394,DECODE,214,0,214,1592.21,21.91,1
1395,DECODE,213,0,213,1592.90,22.12,1
1396,DECODE,213,0,213,1593.90,21.98,1
1397,DECODE,213,0,213,1594.90,22.05,1
1398,DECODE,213,0,213,1595.90,22.04,1
1399,DECODE,213,0,213,1596.90,22.43,1
1400,DECODE,213,0,213,1597.90,22.61,1
1401,DECODE,213,0,213,1598.90,21.86,1
1402,DECODE,213,0,213,1599.90,21.61,1
1403,DECODE,212,0,212,1600.80,21.88,1
1404,DECODE,212,0,212,1601.80,21.63,1
1405,DECODE,211,0,211,1602.87,21.63,1
1406,DECODE,210,0,210,1603.51,21.44,1
1407,DECODE,210,0,210,1604.51,21.56,1
1408,DECODE,210,0,210,1605.51,21.54,1
1409,DECODE,209,0,209,1606.16,21.49,1
1410,DECODE,209,0,209,1607.16,21.47,1
1411,DECODE,209,0,209,1608.16,21.46,1
1412,DECODE,209,0,209,1609.16,21.50,1
1413,DECODE,209,0,209,1610.16,21.56,1
1414,DECODE,209,0,209,1611.16,21.97,1
1415,DECODE,208,0,208,1612.40,23.35,1
1416,EXTEND,1,26,0,1587.00,30.27,1
1417,EXTEND,1,33,0,1621.00,28.22,1
1418,DECODE,209,0,209,1613.44,21.75,1
1419,DECODE,209,0,209,1614.44,21.57,1
1420,DECODE,209,0,209,1615.44,22.00,1
1421,DECODE,208,0,208,1616.64,22.17,1
1422,EXTEND,1,29,0,1601.00,29.63,1
1423,DECODE,208,0,208,1617.51,21.41,1
1424,EXTEND,1,27,0,1656.00,28.75,1
1425,DECODE,209,0,209,1618.69,21.76,1
1426,DECODE,209,0,209,1619.69,21.50,1
1427,DECODE,209,0,209,1620.69,21.70,1
1428,DECODE,208,0,208,1621.50,21.53,1
1429,DECODE,208,0,208,1622.50,21.92,1
1430,DECODE,208,0,208,1623.50,21.95,1
1431,DECODE,208,0,208,1624.50,22.36,1
1432,DECODE,208,0,208,1625.50,22.57,1
1433,DECODE,207,0,207,1626.61,22.78,1
1434,DECODE,207,0,207,1627.61,22.27,1
1435,DECODE,207,0,207,1628.61,21.33,1
1436,DECODE,207,0,207,1629.61,21.56,1
1437,DECODE,207,0,207,1630.61,21.48,1
1438,DECODE,207,0,207,1631.61,21.55,1
1439,DECODE,207,0,207,1632.61,21.49,1
1440,DECODE,207,0,207,1633.61,21.47,1
1441,DECODE,207,0,207,1634.61,21.46,1
1442,DECODE,207,0,207,1635.61,21.47,1
1443,DECODE,207,0,207,1636.61,21.73,1
1444,DECODE,207,0,207,1637.61,21.46,1
1445,DECODE,207,0,207,1638.61,21.51,1
1446,DECODE,207,0,207,1639.61,21.72,1
1447,DECODE,207,0,207,1640.61,21.58,1
1448,DECODE,207,0,207,1641.61,21.54,1
1449,DECODE,207,0,207,1642.61,21.70,1
1450,DECODE,207,0,207,1643.61,21.54,1
1451,DECODE,207,0,207,1644.61,21.73,1
1452,DECODE,207,0,207,1645.61,21.64,1
1453,DECODE,206,0,206,1646.76,21.44,1
1454,DECODE,206,0,206,1647.76,22.58,1
1455,DECODE,206,0,206,1648.76,22.42,1
1456,DECODE,206,0,206,1649.76,22.71,1
1457,DECODE,206,0,206,1650.76,21.99,1
1458,DECODE,206,0,206,1651.76,22.54,1
1459,DECODE,206,0,206,1652.76,22.56,1
1460,DECODE,205,0,205,1653.71,22.94,1
1461,DECODE,205,0,205,1654.71,22.53,1
1462,DECODE,204,0,204,1655.90,22.95,1
1463,DECODE,204,0,204,1656.90,22.48,1
1464,DECODE,204,0,204,1657.90,22.66,1
1465,DECODE,204,0,204,1658.90,22.16,1
1466,DECODE,204,0,204,1659.90,21.76,1
1467,DECODE,204,0,204,1660.90,21.75,1
1468,DECODE,204,0,204,1661.90,21.70,1
1469,DECODE,204,0,204,1662.90,21.73,1
1470,DECODE,204,0,204,1663.90,21.77,1
1471,DECODE,204,0,204,1664.90,21.89,1
1472,DECODE,204,0,204,1665.90,21.70,1
1473,DECODE,204,0,204,1666.90,21.84,1
1474,DECODE,204,0,204,1667.90,21.64,1
1475,DECODE,204,0,204,1668.90,21.62,1
1476,DECODE,204,0,204,1669.90,21.72,1
1477,DECODE,204,0,204,1670.90,21.63,1
1478,DECODE,204,0,204,1671.90,21.66,1
1479,DECODE,203,0,203,1673.15,21.66,1
1480,EXTEND,1,27,0,1648.00,29.50,1
1481,DECODE,204,0,204,1674.02,21.70,1
1482,DECODE,204,0,204,1675.02,21.94,1
1483,DECODE,204,0,204,1676.02,21.82,1
1484,DECODE,204,0,204,1677.02,21.99,1
1485,DECODE,204,0,204,1678.02,21.73,1
1486,DECODE,204,0,204,1679.02,21.90,1
1487,DECODE,204,0,204,1680.02,21.84,1
1488,DECODE,203,0,203,1680.84,23.12,1
1489,DECODE,203,0,203,1681.84,22.64,1
1490,DECODE,203,0,203,1682.84,22.76,1
1491,DECODE,203,0,203,1683.84,22.65,1
1492,DECODE,203,0,203,1684.84,22.61,1
1493,DECODE,203,0,203,1685.84,23.19,1
1494,DECODE,203,0,203,1686.84,21.95,1
1495,DECODE,203,0,203,1687.84,21.80,1
1496,DECODE,203,0,203,1688.84,21.77,1
1497,DECODE,203,0,203,1689.84,21.77,1
1498,DECODE,203,0,203,1690.84,21.82,1
1499,DECODE,203,0,203,1691.84,21.71,1
1500,DECODE,203,0,203,1692.84,21.84,1
1501,DECODE,202,0,202,1693.62,21.87,1
1502,EXTEND,1,26,0,1762.00,29.04,1
1503,DECODE,203,0,203,1694.96,21.70,1
1504,DECODE,203,0,203,1695.96,21.86,1
1505,DECODE,202,0,202,1697.08,21.97,1
1506,EXTEND,1,44,0,1715.00,28.60,1
1507,EXTEND,1,26,0,1773.00,27.64,1
1508,DECODE,203,0,203,1698.30,21.84,1
1509,DECODE,203,0,203,1699.30,22.02,1
1510,DECODE,203,0,203,1700.30,22.00,1
1511,DECODE,203,0,203,1701.30,21.93,1
1512,DECODE,203,0,203,1702.30,21.92,1
1513,DECODE,203,0,203,1703.30,21.95,1
1514,DECODE,203,0,203,1704.30,22.01,1
1515,DECODE,203,0,203,1705.30,22.38,1
1516,DECODE,203,0,203,1706.30,22.34,1
1517,DECODE,203,0,203,1707.30,22.74,1
1518,DECODE,203,0,203,1708.30,22.70,1
1519,DECODE,203,0,203,1709.30,22.74,1
1520,DECODE,203,0,203,1710.30,22.74,1
1521,DECODE,203,0,203,1711.30,22.75,1
1522,DECODE,203,0,203,1712.30,22.78,1
1523,DECODE,203,0,203,1713.30,22.49,1
1524,DECODE,203,0,203,1714.30,22.91,1
1525,DECODE,203,0,203,1715.30,22.80,1
1526,DECODE,203,0,203,1716.30,21.90,1
1527,DECODE,203,0,203,1717.30,22.09,1
1528,DECODE,203,0,203,1718.30,21.96,1
1529,DECODE,202,0,202,1719.38,22.13,1
1530,DECODE,202,0,202,1720.38,22.01,1
1531,DECODE,202,0,202,1721.38,22.81,1
1532,DECODE,202,0,202,1722.38,22.84,1
1533,DECODE,201,0,201,1723.31,23.34,1
1534,DECODE,200,0,200,1724.42,25.94,1
1535,DECODE,200,0,200,1725.42,22.55,1
1536,DECODE,199,0,199,1726.63,22.84,1
1537,EXTEND,1,29,0,1712.00,58.23,1
1538,DECODE,199,0,199,1727.77,21.60,1
1539,EXTEND,1,30,0,1714.00,30.11,1
1540,DECODE,199,0,199,1728.71,21.82,1
1541,EXTEND,1,49,0,1776.00,28.39,1
1542,DECODE,199,0,199,1730.12,21.91,1
1543,DECODE,199,0,199,1731.12,21.72,1
1544,DECODE,199,0,199,1732.12,21.64,1
1545,DECODE,199,0,199,1733.12,21.96,1
1546,DECODE,199,0,199,1734.12,21.94,1
1547,DECODE,198,0,198,1734.99,20.54,1
1548,DECODE,198,0,198,1735.99,21.17,1
1549,DECODE,198,0,198,1736.99,21.06,1
1550,DECODE,198,0,198,1737.99,21.21,1
1551,DECODE,198,0,198,1738.99,21.47,1
1552,DECODE,198,0,198,1739.99,21.43,1
1553,DECODE,198,0,198,1740.99,21.50,1
1554,DECODE,198,0,198,1741.99,21.55,1
1555,DECODE,198,0,198,1742.99,20.84,1
1556,DECODE,198,0,198,1743.99,20.70,1
1557,DECODE,197,0,197,1744.87,20.63,1
1558,DECODE,197,0,197,1745.87,20.60,1
1559,DECODE,197,0,197,1746.87,20.80,1
1560,DECODE,197,0,197,1747.87,20.93,1
1561,DECODE,197,0,197,1748.87,20.69,1
1562,DECODE,196,0,196,1749.93,20.83,1
1563,EXTEND,1,24,0,1762.00,28.94,1
1564,DECODE,197,0,197,1750.99,20.48,1
1565,DECODE,197,0,197,1751.99,21.18,1
1566,DECODE,197,0,197,1752.99,20.73,1
1567,DECODE,197,0,197,1753.99,20.76,1
1568,DECODE,197,0,197,1754.99,20.51,1
1569,DECODE,197,0,197,1755.99,20.53,1
1570,DECODE,197,0,197,1756.99,20.68,1
1571,DECODE,197,0,197,1757.99,21.05,1
1572,DECODE,197,0,197,1758.99,20.45,1
1573,DECODE,197,0,197,1759.99,21.40,1
1574,DECODE,197,0,197,1760.99,21.68,1
1575,DECODE,197,0,197,1761.99,20.73,1
1576,DECODE,197,0,197,1762.99,21.63,1
1577,DECODE,197,0,197,1763.99,21.50,1
1578,DECODE,196,0,196,1765.13,20.89,1
1579,DECODE,196,0,196,1766.13,20.53,1
1580,DECODE,195,0,195,1767.40,20.75,1
1581,EXTEND,1,30,0,1744.00,29.47,1
1582,DECODE,196,0,196,1768.28,20.39,1
1583,DECODE,196,0,196,1769.28,20.54,1
1584,DECODE,195,0,195,1770.55,20.59,1
1585,EXTEND,1,26,0,1742.00,42.20,1
1586,DECODE,196,0,196,1771.41,20.47,1
1587,DECODE,196,0,196,1772.41,20.50,1
1588,DECODE,196,0,196,1773.41,20.50,1
1589,DECODE,196,0,196,1774.41,20.47,1
1590,DECODE,196,0,196,1775.41,20.48,1
1591,DECODE,196,0,196,1776.41,20.48,1
1592,DECODE,196,0,196,1777.41,20.48,1
1593,DECODE,196,0,196,1778.41,20.49,1
1594,DECODE,195,0,195,1779.57,20.47,1
1595,EXTEND,1,35,0,1782.00,29.13,1
1596,DECODE,196,0,196,1780.58,20.76,1
1597,DECODE,196,0,196,1781.58,20.52,1
1598,DECODE,196,0,196,1782.58,20.65,1
1599,DECODE,194,0,194,1783.72,20.99,1
1600,DECODE,194,0,194,1784.72,21.29,1
1601,DECODE,194,0,194,1785.72,21.40,1
1602,DECODE,194,0,194,1786.72,21.73,1
1603,DECODE,194,0,194,1787.72,21.23,1
1604,DECODE,194,0,194,1788.72,21.31,1
1605,DECODE,194,0,194,1789.72,21.38,1
1606,DECODE,193,0,193,1790.73,22.00,1
1607,EXTEND,1,49,0,1837.00,53.51,1
1608,DECODE,193,0,193,1792.19,21.33,1
1609,DECODE,193,0,193,1793.19,21.05,1
1610,DECODE,193,0,193,1794.19,20.60,1
1611,DECODE,193,0,193,1795.19,21.38,1
1612,DECODE,193,0,193,1796.19,21.35,1
1613,DECODE,192,0,192,1797.36,25.64,1
1614,DECODE,192,0,192,1798.36,22.14,1
1615,DECODE,191,0,191,1798.68,22.42,1
1616,EXTEND,1,106,0,2036.00,61.73,1
1617,DECODE,192,0,192,1800.91,21.21,1
1618,DECODE,192,0,192,1801.91,21.27,1
1619,DECODE,192,0,192,1802.91,20.96,1
1620,DECODE,192,0,192,1803.91,21.79,1
1621,DECODE,192,0,192,1804.91,21.48,1
1622,DECODE,192,0,192,1805.91,22.09,1
1623,DECODE,192,0,192,1806.91,22.04,1
1624,DECODE,192,0,192,1807.91,22.01,1
1625,DECODE,192,0,192,1808.91,22.10,1
1626,DECODE,192,0,192,1809.91,22.16,1
1627,DECODE,192,0,192,1810.91,21.96,1
1628,DECODE,192,0,192,1811.91,22.07,1
1629,DECODE,191,0,191,1812.89,23.27,1
1630,DECODE,191,0,191,1813.89,21.31,1
1631,DECODE,191,0,191,1814.89,22.38,1
1632,DECODE,191,0,191,1815.89,22.05,1
1633,DECODE,191,0,191,1816.89,22.13,1
1634,DECODE,191,0,191,1817.89,21.63,1
1635,DECODE,191,0,191,1818.89,21.57,1
1636,DECODE,191,0,191,1819.89,22.06,1
1637,DECODE,191,0,191,1820.89,22.22,1
1638,DECODE,191,0,191,1821.89,21.57,1
1639,DECODE,191,0,191,1822.89,21.70,1
1640,DECODE,191,0,191,1823.89,21.57,1
1641,DECODE,191,0,191,1824.89,21.94,1
1642,DECODE,191,0,191,1825.89,22.30,1
1643,DECODE,191,0,191,1826.89,22.62,1
1644,DECODE,191,0,191,1827.89,22.43,1
1645,DECODE,191,0,191,1828.89,22.19,1
1646,DECODE,191,0,191,1829.89,22.52,1
1647,DECODE,191,0,191,1830.89,22.64,1
1648,DECODE,191,0,191,1831.89,22.25,1
1649,DECODE,191,0,191,1832.89,22.40,1
1650,DECODE,191,0,191,1833.89,22.56,1
1651,DECODE,191,0,191,1834.89,22.45,1
1652,DECODE,191,0,191,1835.89,22.40,1
1653,DECODE,191,0,191,1836.89,21.89,1
1654,DECODE,191,0,191,1837.89,21.81,1
1655,DECODE,191,0,191,1838.89,22.09,1
1656,DECODE,190,0,190,1840.13,22.69,1
1657,EXTEND,1,26,0,1820.00,52.43,1
1658,DECODE,191,0,191,1841.02,21.33,1
1659,DECODE,191,0,191,1842.02,21.62,1
1660,DECODE,191,0,191,1843.02,21.56,1
1661,DECODE,191,0,191,1844.02,21.68,1
1662,DECODE,191,0,191,1845.02,21.56,1
1663,DECODE,191,0,191,1846.02,21.52,1
1664,DECODE,190,0,190,1847.21,21.72,1
1665,DECODE,190,0,190,1848.21,21.60,1
1666,DECODE,190,0,190,1849.21,21.58,1
1667,DECODE,190,0,190,1850.21,21.57,1
1668,DECODE,190,0,190,1851.21,21.72,1
1669,DECODE,189,0,189,1852.19,21.60,1
1670,DECODE,189,0,189,1853.19,21.70,1
1671,DECODE,187,0,187,1854.03,22.88,1
1672,EXTEND,1,24,0,1872.00,51.36,1
1673,DECODE,187,0,187,1855.04,21.42,1
1674,DECODE,187,0,187,1856.04,21.81,1
1675,DECODE,186,0,186,1857.06,21.76,1
1676,DECODE,185,0,185,1857.95,22.46,1
1677,DECODE,185,0,185,1858.95,22.20,1
1678,DECODE,184,0,184,1860.04,25.22,1
1679,DECODE,184,0,184,1861.04,21.36,1
1680,DECODE,184,0,184,1862.04,21.30,1
1681,DECODE,183,0,183,1862.75,21.55,1
1682,DECODE,183,0,183,1863.75,21.38,1
1683,DECODE,183,0,183,1864.75,21.75,1
1684,DECODE,183,0,183,1865.75,21.39,1
1685,DECODE,183,0,183,1866.75,21.36,1
1686,DECODE,183,0,183,1867.75,21.26,1
1687,DECODE,182,0,182,1868.95,22.16,1
1688,DECODE,182,0,182,1869.95,21.35,1
1689,DECODE,182,0,182,1870.95,21.22,1
1690,DECODE,182,0,182,1871.95,21.18,1
1691,DECODE,182,0,182,1872.95,21.32,1
1692,DECODE,182,0,182,1873.95,21.21,1
1693,DECODE,182,0,182,1874.95,21.13,1
1694,DECODE,182,0,182,1875.95,21.29,1
1695,DECODE,182,0,182,1876.95,21.28,1
1696,DECODE,182,0,182,1877.95,21.28,1
1697,DECODE,182,0,182,1878.95,21.40,1
1698,DECODE,182,0,182,1879.95,21.29,1
1699,DECODE,182,0,182,1880.95,21.29,1
1700,DECODE,182,0,182,1881.95,21.62,1
1701,DECODE,182,0,182,1882.95,21.25,1
1702,DECODE,182,0,182,1883.95,21.30,1
1703,DECODE,181,0,181,1884.54,21.45,1
1704,EXTEND,1,35,0,1992.00,53.22,1
1705,DECODE,182,0,182,1886.13,20.52,1
1706,DECODE,182,0,182,1887.13,21.16,1
1707,DECODE,182,0,182,1888.13,21.55,1
1708,DECODE,181,0,181,1889.38,20.66,1
1709,DECODE,181,0,181,1890.38,20.42,1
1710,DECODE,181,0,181,1891.38,20.34,1
1711,DECODE,181,0,181,1892.38,20.47,1
1712,DECODE,181,0,181,1893.38,20.40,1
1713,DECODE,181,0,181,1894.38,20.40,1
1714,DECODE,181,0,181,1895.38,20.65,1
1715,DECODE,181,0,181,1896.38,20.29,1
1716,DECODE,181,0,181,1897.38,20.60,1
1717,DECODE,181,0,181,1898.38,20.97,1
1718,DECODE,181,0,181,1899.38,21.55,1
1719,DECODE,181,0,181,1900.38,20.71,1
1720,DECODE,181,0,181,1901.38,20.42,1
1721,DECODE,181,0,181,1902.38,20.37,1
1722,DECODE,181,0,181,1903.38,20.48,1
1723,DECODE,181,0,181,1904.38,20.59,1
1724,DECODE,181,0,181,1905.38,20.49,1
1725,DECODE,181,0,181,1906.38,20.47,1
1726,DECODE,181,0,181,1907.38,20.91,1
1727,DECODE,181,0,181,1908.38,20.71,1
1728,DECODE,181,0,181,1909.38,20.62,1
1729,DECODE,180,0,180,1910.19,20.75,1
1730,EXTEND,1,27,0,1970.00,29.58,1
1731,DECODE,181,0,181,1911.52,20.50,1
1732,DECODE,181,0,181,1912.52,20.60,1
1733,DECODE,181,0,181,1913.52,21.51,1
1734,DECODE,181,0,181,1914.52,20.65,1
1735,DECODE,180,0,180,1915.27,21.47,1
1736,EXTEND,1,26,0,1987.00,49.57,1
1737,DECODE,180,0,180,1916.46,20.58,1
1738,DECODE,180,0,180,1917.46,20.94,1
1739,DECODE,180,0,180,1918.46,20.91,1
1740,DECODE,180,0,180,1919.46,21.40,1
1741,DECODE,180,0,180,1920.46,23.26,1
1742,DECODE,180,0,180,1921.46,21.22,1
1743,DECODE,180,0,180,1922.46,21.27,1
1744,DECODE,180,0,180,1923.46,21.28,1
1745,DECODE,180,0,180,1924.46,21.47,1
1746,DECODE,180,0,180,1925.46,21.56,1
1747,DECODE,180,0,180,1926.46,21.40,1
1748,DECODE,180,0,180,1927.46,21.54,1
1749,DECODE,180,0,180,1928.46,21.50,1
1750,DECODE,180,0,180,1929.46,21.65,1
1751,DECODE,180,0,180,1930.46,21.47,1
1752,DECODE,180,0,180,1931.46,21.59,1
1753,DECODE,180,0,180,1932.46,21.84,1
1754,DECODE,180,0,180,1933.46,21.68,1
1755,DECODE,180,0,180,1934.46,21.60,1
1756,DECODE,179,0,179,1935.45,22.20,1
1757,DECODE,179,0,179,1936.45,21.91,1
1758,DECODE,179,0,179,1937.45,21.64,1
1759,DECODE,179,0,179,1938.45,21.53,1
1760,DECODE,179,0,179,1939.45,21.66,1
1761,DECODE,179,0,179,1940.45,21.65,1
1762,DECODE,179,0,179,1941.45,21.76,1
1763,DECODE,179,0,179,1942.45,21.56,1
1764,DECODE,179,0,179,1943.45,23.38,1
1765,DECODE,179,0,179,1944.45,21.25,1
1766,DECODE,179,0,179,1945.45,21.45,1
1767,DECODE,179,0,179,1946.45,21.31,1
1768,DECODE,179,0,179,1947.45,21.53,1
1769,DECODE,179,0,179,1948.45,21.57,1
1770,DECODE,179,0,179,1949.45,21.23,1
1771,DECODE,179,0,179,1950.45,21.28,1
1772,DECODE,179,0,179,1951.45,21.40,1
1773,DECODE,178,0,178,1952.72,22.30,1
1774,EXTEND,1,26,0,1930.00,54.33,1
1775,DECODE,179,0,179,1953.59,20.95,1
1776,DECODE,179,0,179,1954.59,21.26,1
1777,DECODE,179,0,179,1955.59,20.78,1
1778,DECODE,179,0,179,1956.59,20.83,1
1779,DECODE,179,0,179,1957.59,20.88,1
1780,DECODE,179,0,179,1958.59,20.86,1
1781,DECODE,179,0,179,1959.59,20.45,1
1782,DECODE,179,0,179,1960.59,21.45,1
1783,DECODE,179,0,179,1961.59,21.51,1
1784,DECODE,179,0,179,1962.59,21.48,1
1785,DECODE,179,0,179,1963.59,20.69,1
1786,DECODE,179,0,179,1964.59,21.24,1
1787,DECODE,179,0,179,1965.59,20.91,1
1788,DECODE,179,0,179,1966.59,20.53,1
1789,DECODE,179,0,179,1967.59,20.61,1
1790,DECODE,179,0,179,1968.59,21.34,1
1791,DECODE,179,0,179,1969.59,20.59,1
1792,DECODE,179,0,179,1970.59,21.36,1
1793,DECODE,179,0,179,1971.59,21.52,1
1794,DECODE,179,0,179,1972.59,21.52,1
1795,DECODE,179,0,179,1973.59,21.69,1
1796,DECODE,179,0,179,1974.59,21.58,1
1797,DECODE,179,0,179,1975.59,21.60,1
1798,DECODE,179,0,179,1976.59,21.47,1
1799,DECODE,179,0,179,1977.59,21.49,1
1800,DECODE,179,0,179,1978.59,21.40,1
1801,DECODE,179,0,179,1979.59,21.51,1
1802,DECODE,179,0,179,1980.59,23.61,1
1803,DECODE,179,0,179,1981.59,21.82,1
1804,DECODE,179,0,179,1982.59,21.44,1
1805,DECODE,178,0,178,1983.67,21.97,1
1806,EXTEND,1,24,0,1993.00,52.49,1
1807,DECODE,178,0,178,1985.02,20.52,1
1808,DECODE,178,0,178,1986.02,21.57,1
1809,DECODE,178,0,178,1987.02,21.47,1
1810,DECODE,178,0,178,1988.02,21.41,1
1811,DECODE,178,0,178,1989.02,21.58,1
1812,DECODE,178,0,178,1990.02,22.25,1
1813,DECODE,177,0,177,1990.94,21.93,1
1814,DECODE,177,0,177,1991.94,21.71,1
1815,DECODE,177,0,177,1992.94,21.54,1
1816,DECODE,177,0,177,1993.94,21.72,1
1817,DECODE,177,0,177,1994.94,21.50,1
1818,DECODE,177,0,177,1995.94,21.54,1
1819,DECODE,177,0,177,1996.94,21.50,1
1820,DECODE,177,0,177,1997.94,21.57,1
1821,DECODE,177,0,177,1998.94,21.53,1
1822,DECODE,176,0,176,1999.58,25.05,1
1823,DECODE,176,0,176,2000.58,21.63,1
1824,DECODE,176,0,176,2001.58,21.60,1
1825,DECODE,176,0,176,2002.58,21.74,1
1826,DECODE,176,0,176,2003.58,21.81,1
1827,DECODE,176,0,176,2004.58,21.73,1
1828,DECODE,176,0,176,2005.58,21.70,1
1829,DECODE,175,0,175,2006.67,22.03,1
1830,DECODE,175,0,175,2007.67,21.87,1
1831,DECODE,175,0,175,2008.67,21.94,1
1832,DECODE,175,0,175,2009.67,21.87,1
1833,DECODE,175,0,175,2010.67,21.56,1
1834,DECODE,175,0,175,2011.67,21.65,1
1835,DECODE,175,0,175,2012.67,21.58,1
1836,DECODE,175,0,175,2013.67,22.16,1
1837,DECODE,175,0,175,2014.67,21.63,1
1838,DECODE,173,0,173,2015.42,21.88,1
1839,DECODE,173,0,173,2016.42,21.67,1
1840,DECODE,173,0,173,2017.42,21.63,1
1841,DECODE,173,0,173,2018.42,21.52,1
1842,DECODE,173,0,173,2019.42,21.64,1
1843,DECODE,173,0,173,2020.42,21.55,1
1844,DECODE,172,0,172,2021.60,21.95,1
1845,EXTEND,1,39,0,2028.00,59.33,1
1846,DECODE,173,0,173,2022.64,20.60,1
1847,DECODE,173,0,173,2023.64,20.83,1
1848,DECODE,173,0,173,2024.64,21.08,1
1849,DECODE,173,0,173,2025.64,21.36,1
1850,DECODE,173,0,173,2026.64,21.29,1
1851,DECODE,172,0,172,2027.72,21.87,1
1852,EXTEND,1,34,0,2048.00,51.85,1
1853,DECODE,171,0,171,2028.54,21.32,1
1854,DECODE,171,0,171,2029.54,21.53,1
1855,DECODE,171,0,171,2030.54,21.49,1
1856,DECODE,171,0,171,2031.54,21.62,1
1857,DECODE,171,0,171,2032.54,21.51,1
1858,DECODE,171,0,171,2033.54,21.68,1
1859,DECODE,171,0,171,2034.54,21.63,1
1860,DECODE,171,0,171,2035.54,21.74,1
1861,DECODE,171,0,171,2036.54,21.83,1
1862,DECODE,171,0,171,2037.54,21.96,1
1863,DECODE,171,0,171,2038.54,21.63,1
1864,DECODE,171,0,171,2039.54,21.62,1
1865,DECODE,170,0,170,2040.96,22.73,1
1866,EXTEND,1,27,0,1996.00,52.90,1
1867,DECODE,171,0,171,2041.70,20.73,1
1868,DECODE,171,0,171,2042.70,21.11,1
1869,DECODE,171,0,171,2043.70,20.79,1
1870,DECODE,171,0,171,2044.70,21.48,1
1871,DECODE,171,0,171,2045.70,21.59,1
1872,DECODE,171,0,171,2046.70,21.64,1
1873,DECODE,171,0,171,2047.70,21.63,1
1874,DECODE,171,0,171,2048.70,22.16,1
1875,DECODE,171,0,171,2049.70,21.87,1
1876,DECODE,171,0,171,2050.70,21.63,1
1877,DECODE,171,0,171,2051.70,21.60,1
1878,DECODE,171,0,171,2052.70,21.86,1
1879,DECODE,171,0,171,2053.70,21.99,1
1880,DECODE,171,0,171,2054.70,21.70,1
1881,DECODE,171,0,171,2055.70,21.80,1
1882,DECODE,171,0,171,2056.70,21.76,1
1883,DECODE,171,0,171,2057.70,21.63,1
1884,DECODE,170,0,170,2058.96,21.97,1
1885,DECODE,170,0,170,2059.96,21.57,1
1886,DECODE,169,0,169,2060.55,20.77,1
1887,DECODE,169,0,169,2061.55,20.75,1
1888,DECODE,168,0,168,2062.88,24.69,1
1889,EXTEND,1,26,0,2033.00,53.82,1
1890,DECODE,169,0,169,2063.70,21.00,1
1891,DECODE,169,0,169,2064.70,20.88,1
1892,DECODE,169,0,169,2065.70,21.19,1
1893,DECODE,169,0,169,2066.70,21.39,1
1894,DECODE,169,0,169,2067.70,21.44,1
1895,DECODE,169,0,169,2068.70,21.76,1
1896,DECODE,169,0,169,2069.70,21.68,1
1897,DECODE,169,0,169,2070.70,21.50,1
1898,DECODE,169,0,169,2071.70,21.89,1
1899,DECODE,169,0,169,2072.70,21.52,1
1900,DECODE,169,0,169,2073.70,21.45,1
1901,DECODE,168,0,168,2074.43,21.64,1
1902,DECODE,168,0,168,2075.43,21.33,1
1903,DECODE,168,0,168,2076.43,21.23,1
1904,DECODE,168,0,168,2077.43,21.15,1
1905,DECODE,168,0,168,2078.43,21.19,1
1906,DECODE,168,0,168,2079.43,21.17,1
1907,DECODE,168,0,168,2080.43,21.23,1
1908,DECODE,168,0,168,2081.43,21.22,1
1909,DECODE,168,0,168,2082.43,21.16,1
1910,DECODE,168,0,168,2083.43,21.16,1
1911,DECODE,168,0,168,2084.43,21.09,1
1912,DECODE,168,0,168,2085.43,21.25,1
1913,DECODE,168,0,168,2086.43,21.27,1
1914,DECODE,168,0,168,2087.43,21.17,1
1915,DECODE,168,0,168,2088.43,21.20,1
1916,DECODE,168,0,168,2089.43,21.31,1
1917,DECODE,168,0,168,2090.43,21.19,1
1918,DECODE,168,0,168,2091.43,21.14,1
1919,DECODE,168,0,168,2092.43,21.65,1
1920,DECODE,168,0,168,2093.43,21.83,1
1921,DECODE,168,0,168,2094.43,21.76,1
1922,DECODE,168,0,168,2095.43,21.53,1
1923,DECODE,168,0,168,2096.43,21.51,1
1924,DECODE,168,0,168,2097.43,21.33,1
1925,DECODE,168,0,168,2098.43,21.48,1
1926,DECODE,168,0,168,2099.43,21.41,1
1927,DECODE,168,0,168,2100.43,21.49,1
1928,DECODE,168,0,168,2101.43,21.64,1
1929,DECODE,168,0,168,2102.43,21.79,1
1930,DECODE,168,0,168,2103.43,21.33,1
1931,DECODE,168,0,168,2104.43,21.47,1
1932,DECODE,167,0,167,2105.63,23.59,1
1933,DECODE,167,0,167,2106.63,21.68,1
1934,DECODE,167,0,167,2107.63,21.50,1
1935,DECODE,166,0,166,2108.61,22.22,1
1936,DECODE,166,0,166,2109.61,21.93,1
1937,DECODE,166,0,166,2110.61,21.77,1
1938,DECODE,166,0,166,2111.61,21.42,1
1939,DECODE,166,0,166,2112.61,21.42,1
1940,DECODE,166,0,166,2113.61,21.43,1
1941,DECODE,166,0,166,2114.61,21.64,1
1942,DECODE,166,0,166,2115.61,21.33,1
1943,DECODE,166,0,166,2116.61,21.49,1
1944,DECODE,166,0,166,2117.61,21.46,1
1945,DECODE,166,0,166,2118.61,21.42,1
1946,DECODE,166,0,166,2119.61,21.40,1
1947,DECODE,166,0,166,2120.61,21.52,1
1948,DECODE,166,0,166,2121.61,21.44,1
1949,DECODE,166,0,166,2122.61,21.55,1
1950,DECODE,166,0,166,2123.61,21.80,1
1951,DECODE,166,0,166,2124.61,21.47,1
1952,DECODE,166,0,166,2125.61,21.38,1
1953,DECODE,166,0,166,2126.61,21.37,1
1954,DECODE,166,0,166,2127.61,21.39,1
1955,DECODE,166,0,166,2128.61,20.45,1
1956,DECODE,166,0,166,2129.61,20.91,1
1957,DECODE,165,0,165,2130.22,20.62,1
1958,DECODE,165,0,165,2131.22,20.61,1
1959,DECODE,165,0,165,2132.22,21.17,1
1960,DECODE,165,0,165,2133.22,21.01,1
1961,DECODE,165,0,165,2134.22,21.01,1
1962,DECODE,165,0,165,2135.22,21.16,1
1963,DECODE,165,0,165,2136.22,21.42,1
1964,DECODE,165,0,165,2137.22,21.49,1
1965,DECODE,165,0,165,2138.22,20.97,1
1966,DECODE,165,0,165,2139.22,21.06,1
1967,DECODE,165,0,165,2140.22,20.69,1
1968,DECODE,165,0,165,2141.22,20.72,1
1969,DECODE,165,0,165,2142.22,21.55,1
1970,DECODE,165,0,165,2143.22,21.48,1
1971,DECODE,165,0,165,2144.22,21.81,1
1972,DECODE,164,0,164,2145.22,22.04,1
1973,DECODE,164,0,164,2146.22,21.63,1
1974,DECODE,164,0,164,2147.22,21.55,1
1975,DECODE,164,0,164,2148.22,21.81,1
1976,DECODE,163,0,163,2149.55,22.21,1
1977,EXTEND,1,26,0,2120.00,53.18,1
1978,EXTEND,2,47,0,2130.00,34.40,1
1979,DECODE,164,0,164,2150.66,20.96,1
1980,DECODE,164,0,164,2151.66,20.77,1
1981,DECODE,164,0,164,2152.66,21.24,1
1982,DECODE,164,0,164,2153.66,21.67,1
1983,DECODE,164,0,164,2154.66,21.56,1
1984,DECODE,164,0,164,2155.66,21.23,1
1985,DECODE,164,0,164,2156.66,20.68,1
1986,DECODE,164,0,164,2157.66,20.68,1
1987,DECODE,164,0,164,2158.66,20.61,1
1988,DECODE,164,0,164,2159.66,20.63,1
1989,DECODE,164,0,164,2160.66,20.64,1
1990,DECODE,164,0,164,2161.66,20.91,1
1991,DECODE,163,0,163,2162.29,20.65,1
1992,DECODE,163,0,163,2163.29,20.65,1
1993,DECODE,163,0,163,2164.29,20.64,1
1994,DECODE,163,0,163,2165.29,20.63,1
1995,DECODE,163,0,163,2166.29,20.67,1
1996,DECODE,162,0,162,2167.37,21.04,1
1997,EXTEND,1,33,0,2187.00,28.66,1
1998,DECODE,163,0,163,2168.49,20.52,1
1999,DECODE,163,0,163,2169.49,20.66,1
2000,DECODE,163,0,163,2170.49,20.70,1
2001,DECODE,163,0,163,2171.49,20.70,1
2002,DECODE,163,0,163,2172.49,20.68,1
2003,DECODE,163,0,163,2173.49,20.65,1
2004,DECODE,163,0,163,2174.49,20.69,1
2005,DECODE,163,0,163,2175.49,20.72,1
2006,DECODE,163,0,163,2176.49,20.78,1
2007,DECODE,163,0,163,2177.49,20.86,1
2008,DECODE,163,0,163,2178.49,20.77,1
2009,DECODE,163,0,163,2179.49,21.64,1
2010,DECODE,163,0,163,2180.49,21.80,1
2011,DECODE,163,0,163,2181.49,22.20,1
2012,DECODE,163,0,163,2182.49,22.03,1
2013,DECODE,163,0,163,2183.49,21.62,1
2014,DECODE,163,0,163,2184.49,21.71,1
2015,DECODE,163,0,163,2185.49,22.22,1
2016,DECODE,163,0,163,2186.49,21.73,1
2017,DECODE,163,0,163,2187.49,21.81,1
2018,DECODE,163,0,163,2188.49,22.06,1
2019,DECODE,163,0,163,2189.49,21.77,1
2020,DECODE,162,0,162,2189.85,22.22,1
2021,EXTEND,1,24,0,2318.00,54.69,1
2022,EXTEND,1,23,0,2154.00,28.71,1
2023,DECODE,163,0,163,2191.77,20.81,1
2024,DECODE,163,0,163,2192.77,21.26,1
2025,DECODE,163,0,163,2193.77,21.96,1
2026,DECODE,163,0,163,2194.77,21.84,1
2027,DECODE,163,0,163,2195.77,22.11,1
2028,DECODE,163,0,163,2196.77,21.70,1
2029,DECODE,163,0,163,2197.77,21.72,1
2030,DECODE,163,0,163,2198.77,21.88,1
2031,DECODE,163,0,163,2199.77,21.81,1
2032,DECODE,163,0,163,2200.77,22.12,1
2033,DECODE,163,0,163,2201.77,22.09,1
2034,DECODE,163,0,163,2202.77,21.82,1
2035,DECODE,163,0,163,2203.77,22.58,1
2036,DECODE,163,0,163,2204.77,21.79,1
2037,DECODE,163,0,163,2205.77,21.86,1
2038,DECODE,163,0,163,2206.77,22.19,1
2039,DECODE,163,0,163,2207.77,23.13,1
2040,DECODE,163,0,163,2208.77,22.14,1
2041,DECODE,163,0,163,2209.77,22.02,1
2042,DECODE,163,0,163,2210.77,21.86,1
2043,DECODE,163,0,163,2211.77,21.90,1
2044,DECODE,163,0,163,2212.77,22.02,1
2045,DECODE,163,0,163,2213.77,22.31,1
2046,DECODE,163,0,163,2214.77,21.81,1
2047,DECODE,163,0,163,2215.77,21.90,1
2048,DECODE,163,0,163,2216.77,21.91,1
2049,DECODE,163,0,163,2217.77,21.88,1
2050,DECODE,163,0,163,2218.77,22.22,1
2051,DECODE,163,0,163,2219.77,22.32,1
2052,DECODE,162,0,162,2220.92,22.20,1
2053,DECODE,162,0,162,2221.92,21.97,1
2054,DECODE,162,0,162,2222.92,22.00,1
2055,DECODE,162,0,162,2223.92,21.98,1
2056,DECODE,161,0,161,2225.24,22.73,1
2057,EXTEND,1,27,0,2199.00,53.65,1
2058,DECODE,162,0,162,2226.08,21.04,1
2059,DECODE,162,0,162,2227.08,21.53,1
2060,DECODE,162,0,162,2228.08,21.29,1
2061,DECODE,162,0,162,2229.08,22.32,1
2062,DECODE,162,0,162,2230.08,21.88,1
2063,DECODE,162,0,162,2231.08,21.93,1
2064,DECODE,162,0,162,2232.08,21.99,1
2065,DECODE,162,0,162,2233.08,21.90,1
2066,DECODE,162,0,162,2234.08,22.15,1
2067,DECODE,162,0,162,2235.08,22.27,1
2068,DECODE,162,0,162,2236.08,22.18,1
2069,DECODE,162,0,162,2237.08,22.19,1
2070,DECODE,161,0,161,2238.16,22.96,1
2071,DECODE,161,0,161,2239.16,23.00,1
2072,DECODE,161,0,161,2240.16,22.03,1
2073,DECODE,161,0,161,2241.16,22.14,1
2074,DECODE,161,0,161,2242.16,21.97,1
2075,DECODE,160,0,160,2243.34,24.05,1
2076,EXTEND,1,32,0,2245.00,58.02,1
2077,DECODE,161,0,161,2244.35,21.37,1
2078,DECODE,161,0,161,2245.35,21.56,1
2079,DECODE,161,0,161,2246.35,21.68,1
2080,DECODE,161,0,161,2247.35,21.78,1
2081,DECODE,161,0,161,2248.35,22.10,1
2082,DECODE,161,0,161,2249.35,21.89,1
2083,DECODE,161,0,161,2250.35,22.09,1
2084,DECODE,161,0,161,2251.35,22.11,1
2085,DECODE,161,0,161,2252.35,21.78,1
2086,DECODE,161,0,161,2253.35,22.04,1
2087,DECODE,161,0,161,2254.35,22.12,1
2088,DECODE,161,0,161,2255.35,22.29,1
2089,DECODE,161,0,161,2256.35,22.03,1
2090,DECODE,161,0,161,2257.35,22.01,1
2091,DECODE,160,0,160,2258.57,22.35,1
2092,EXTEND,1,27,0,2250.00,52.22,1
2093,DECODE,160,0,160,2259.24,21.35,1
2094,DECODE,160,0,160,2260.24,21.72,1
2095,DECODE,159,0,159,2261.14,21.66,1
2096,EXTEND,1,24,0,2301.00,48.56,1
2097,DECODE,160,0,160,2262.39,21.39,1
2098,DECODE,160,0,160,2263.39,21.00,1
2099,DECODE,160,0,160,2264.39,21.72,1
2100,DECODE,160,0,160,2265.39,21.65,1
2101,DECODE,160,0,160,2266.39,21.55,1
2102,DECODE,160,0,160,2267.39,21.58,1
2103,DECODE,159,0,159,2268.45,21.57,1
2104,EXTEND,1,48,0,2305.00,45.06,1
2105,DECODE,160,0,160,2269.68,21.45,1
2106,DECODE,160,0,160,2270.68,21.25,1
2107,DECODE,160,0,160,2271.68,21.69,1
2108,DECODE,160,0,160,2272.68,21.73,1
2109,DECODE,160,0,160,2273.68,21.46,1
2110,DECODE,158,0,158,2274.33,22.13,1
2111,EXTEND,1,24,0,2283.00,51.16,1
2112,DECODE,159,0,159,2275.38,21.06,1
2113,DECODE,159,0,159,2276.38,21.30,1
2114,DECODE,159,0,159,2277.38,20.99,1
2115,DECODE,159,0,159,2278.38,22.13,1
2116,DECODE,159,0,159,2279.38,21.85,1
2117,DECODE,159,0,159,2280.38,21.97,1
2118,DECODE,159,0,159,2281.38,21.93,1
2119,DECODE,158,0,158,2282.19,22.26,1
2120,DECODE,158,0,158,2283.19,22.03,1
2121,DECODE,158,0,158,2284.19,21.34,1
2122,DECODE,158,0,158,2285.19,21.81,1
2123,DECODE,158,0,158,2286.19,21.80,1
2124,DECODE,158,0,158,2287.19,21.26,1
2125,DECODE,158,0,158,2288.19,21.40,1
2126,DECODE,158,0,158,2289.19,21.71,1
2127,DECODE,157,0,157,2290.39,22.11,1
2128,EXTEND,1,35,0,2292.00,48.93,1
2129,DECODE,158,0,158,2291.41,20.95,1
2130,DECODE,158,0,158,2292.41,21.05,1
2131,DECODE,158,0,158,2293.41,21.51,1
2132,DECODE,158,0,158,2294.41,21.55,1
2133,DECODE,158,0,158,2295.41,21.77,1
2134,DECODE,158,0,158,2296.41,21.79,1
2135,DECODE,158,0,158,2297.41,21.81,1
2136,DECODE,158,0,158,2298.41,21.82,1
2137,DECODE,158,0,158,2299.41,21.79,1
2138,DECODE,158,0,158,2300.41,21.74,1
2139,DECODE,158,0,158,2301.41,21.81,1
2140,DECODE,158,0,158,2302.41,21.80,1
2141,DECODE,158,0,158,2303.41,21.85,1
2142,DECODE,158,0,158,2304.41,21.80,1
2143,DECODE,158,0,158,2305.41,21.82,1
2144,DECODE,158,0,158,2306.41,21.86,1
2145,DECODE,158,0,158,2307.41,21.83,1
2146,DECODE,158,0,158,2308.41,21.77,1
2147,DECODE,158,0,158,2309.41,21.77,1
2148,DECODE,157,0,157,2310.61,21.94,1
2149,EXTEND,1,39,0,2316.00,51.38,1
2150,DECODE,158,0,158,2311.65,21.84,1
2151,DECODE,158,0,158,2312.65,21.21,1
2152,DECODE,158,0,158,2313.65,21.69,1
2153,DECODE,158,0,158,2314.65,21.89,1
2154,DECODE,157,0,157,2315.78,22.33,1
2155,DECODE,157,0,157,2316.78,22.08,1
2156,DECODE,157,0,157,2317.78,22.03,1
2157,DECODE,157,0,157,2318.78,21.96,1
2158,DECODE,157,0,157,2319.78,22.06,1
2159,DECODE,157,0,157,2320.78,22.03,1
2160,DECODE,157,0,157,2321.78,22.02,1
2161,DECODE,157,0,157,2322.78,22.01,1
2162,DECODE,157,0,157,2323.78,22.05,1
2163,DECODE,157,0,157,2324.78,22.06,1
2164,DECODE,157,0,157,2325.78,22.75,1
2165,DECODE,156,0,156,2325.28,22.46,1
2166,DECODE,156,0,156,2326.28,22.13,1
2167,DECODE,156,0,156,2327.28,22.05,1
2168,DECODE,156,0,156,2328.28,22.05,1
2169,DECODE,156,0,156,2329.28,22.01,1
2170,DECODE,156,0,156,2330.28,22.02,1
2171,DECODE,156,0,156,2331.28,22.06,1
2172,DECODE,156,0,156,2332.28,22.04,1
2173,DECODE,156,0,156,2333.28,22.08,1
2174,DECODE,155,0,155,2334.57,22.56,1
2175,EXTEND,1,33,0,2321.00,53.65,1
2176,DECODE,155,0,155,2335.42,21.41,1
2177,DECODE,155,0,155,2336.42,21.48,1
2178,DECODE,155,0,155,2337.42,21.52,1
2179,DECODE,155,0,155,2338.42,21.94,1
2180,DECODE,155,0,155,2339.42,22.10,1
2181,DECODE,154,0,154,2339.95,23.52,1
2182,DECODE,154,0,154,2340.95,22.43,1
2183,DECODE,154,0,154,2341.95,22.05,1
2184,DECODE,154,0,154,2342.95,22.13,1
2185,DECODE,154,0,154,2343.95,21.97,1
2186,DECODE,154,0,154,2344.95,22.03,1
2187,DECODE,154,0,154,2345.95,22.04,1
2188,DECODE,153,0,153,2346.92,22.30,1
2189,DECODE,153,0,153,2347.92,22.02,1
2190,DECODE,153,0,153,2348.92,22.40,1
2191,DECODE,153,0,153,2349.92,22.38,1
2192,DECODE,152,0,152,2351.10,25.65,1
2193,DECODE,152,0,152,2352.10,22.19,1
2194,DECODE,152,0,152,2353.10,22.16,1
2195,DECODE,152,0,152,2354.10,22.10,1
2196,DECODE,152,0,152,2355.10,21.45,1
2197,DECODE,152,0,152,2356.10,21.44,1
2198,DECODE,152,0,152,2357.10,21.94,1
2199,DECODE,152,0,152,2358.10,21.79,1
2200,DECODE,152,0,152,2359.10,22.04,1
2201,DECODE,151,0,151,2360.30,22.23,1
2202,DECODE,151,0,151,2361.30,22.77,1
2203,DECODE,151,0,151,2362.30,22.00,1
2204,DECODE,151,0,151,2363.30,21.99,1
2205,DECODE,151,0,151,2364.30,21.95,1
2206,DECODE,151,0,151,2365.30,21.95,1
2207,DECODE,151,0,151,2366.30,22.08,1
2208,DECODE,151,0,151,2367.30,21.81,1
2209,DECODE,151,0,151,2368.30,22.05,1
2210,DECODE,151,0,151,2369.30,21.99,1
2211,DECODE,151,0,151,2370.30,22.13,1
2212,DECODE,151,0,151,2371.30,21.83,1
2213,DECODE,151,0,151,2372.30,21.90,1
2214,DECODE,150,0,150,2373.39,22.14,1
2215,DECODE,150,0,150,2374.39,22.00,1
2216,DECODE,150,0,150,2375.39,21.85,1
2217,DECODE,150,0,150,2376.39,21.85,1
2218,DECODE,150,0,150,2377.39,21.90,1
2219,DECODE,150,0,150,2378.39,21.87,1
2220,DECODE,150,0,150,2379.39,21.87,1
2221,DECODE,150,0,150,2380.39,21.85,1
2222,DECODE,148,0,148,2381.53,22.21,1
2223,DECODE,148,0,148,2382.53,22.07,1
2224,DECODE,148,0,148,2383.53,21.78,1
2225,DECODE,148,0,148,2384.53,21.93,1
2226,DECODE,148,0,148,2385.53,21.89,1
2227,DECODE,148,0,148,2386.53,20.97,1
2228,DECODE,148,0,148,2387.53,21.96,1
2229,DECODE,148,0,148,2388.53,21.87,1
2230,DECODE,147,0,147,2389.68,22.24,1
2231,DECODE,147,0,147,2390.68,22.10,1
2232,DECODE,147,0,147,2391.68,21.95,1
2233,DECODE,147,0,147,2392.68,22.04,1
2234,DECODE,147,0,147,2393.68,22.11,1
2235,DECODE,147,0,147,2394.68,22.19,1
2236,DECODE,147,0,147,2395.68,22.04,1
2237,DECODE,147,0,147,2396.68,22.02,1
2238,DECODE,147,0,147,2397.68,21.96,1
2239,DECODE,147,0,147,2398.68,21.91,1
2240,DECODE,147,0,147,2399.68,21.92,1
2241,DECODE,147,0,147,2400.68,21.87,1
2242,DECODE,147,0,147,2401.68,21.95,1
2243,DECODE,147,0,147,2402.68,22.07,1
2244,DECODE,147,0,147,2403.68,22.14,1
2245,DECODE,147,0,147,2404.68,22.00,1
2246,DECODE,143,0,143,2401.34,25.32,1
2247,DECODE,143,0,143,2402.34,22.03,1
2248,DECODE,143,0,143,2403.34,22.04,1
2249,DECODE,143,0,143,2404.34,21.88,1
2250,DECODE,143,0,143,2405.34,22.80,1
2251,DECODE,143,0,143,2406.34,21.90,1
2252,DECODE,143,0,143,2407.34,21.91,1
2253,DECODE,143,0,143,2408.34,21.95,1
2254,DECODE,143,0,143,2409.34,21.90,1
2255,DECODE,142,0,142,2410.54,22.15,1
2256,DECODE,142,0,142,2411.54,21.99,1
2257,DECODE,142,0,142,2412.54,22.01,1
2258,DECODE,142,0,142,2413.54,21.92,1
2259,DECODE,142,0,142,2414.54,21.95,1
2260,DECODE,142,0,142,2415.54,22.81,1
2261,DECODE,142,0,142,2416.54,22.26,1
2262,DECODE,142,0,142,2417.54,22.09,1
2263,DECODE,142,0,142,2418.54,22.35,1
2264,DECODE,142,0,142,2419.54,22.09,1
2265,DECODE,142,0,142,2420.54,22.44,1
2266,DECODE,141,0,141,2421.72,22.36,1
2267,DECODE,141,0,141,2422.72,22.06,1
2268,DECODE,141,0,141,2423.72,21.92,1
2269,DECODE,141,0,141,2424.72,22.13,1
2270,DECODE,141,0,141,2425.72,22.02,1
2271,DECODE,141,0,141,2426.72,22.11,1
2272,DECODE,141,0,141,2427.72,22.10,1
2273,DECODE,141,0,141,2428.72,22.25,1
2274,DECODE,140,0,140,2428.78,22.34,1
2275,DECODE,140,0,140,2429.78,22.25,1
2276,DECODE,140,0,140,2430.78,21.74,1
2277,DECODE,139,0,139,2431.22,22.76,1
2278,DECODE,138,0,138,2432.04,22.38,1
2279,DECODE,138,0,138,2433.04,22.20,1
2280,DECODE,138,0,138,2434.04,22.61,1
2281,DECODE,138,0,138,2435.04,22.52,1
2282,DECODE,138,0,138,2436.04,22.58,1
2283,DECODE,138,0,138,2437.04,22.26,1
2284,DECODE,138,0,138,2438.04,22.31,1
2285,DECODE,138,0,138,2439.04,22.34,1
2286,DECODE,138,0,138,2440.04,22.22,1
2287,DECODE,138,0,138,2441.04,22.96,1
2288,DECODE,137,0,137,2442.39,22.55,1
2289,DECODE,137,0,137,2443.39,22.31,1
2290,DECODE,137,0,137,2444.39,22.24,1
2291,DECODE,137,0,137,2445.39,22.16,1
2292,DECODE,137,0,137,2446.39,22.11,1
2293,DECODE,137,0,137,2447.39,22.58,1
2294,DECODE,137,0,137,2448.39,22.22,1
2295,DECODE,136,0,136,2448.57,25.20,1
2296,DECODE,136,0,136,2449.57,22.09,1
2297,DECODE,136,0,136,2450.57,22.18,1
2298,DECODE,136,0,136,2451.57,21.80,1
2299,DECODE,136,0,136,2452.57,21.82,1
2300,DECODE,136,0,136,2453.57,21.69,1
2301,DECODE,136,0,136,2454.57,21.83,1
2302,DECODE,135,0,135,2454.96,22.14,1
2303,DECODE,135,0,135,2455.96,21.45,1
2304,DECODE,135,0,135,2456.96,21.71,1
2305,DECODE,135,0,135,2457.96,21.71,1
2306,DECODE,135,0,135,2458.96,21.43,1
2307,DECODE,135,0,135,2459.96,21.77,1
2308,DECODE,135,0,135,2460.96,21.67,1
2309,DECODE,135,0,135,2461.96,21.71,1
2310,DECODE,135,0,135,2462.96,21.70,1
2311,DECODE,134,0,134,2464.46,21.90,1
2312,DECODE,134,0,134,2465.46,21.73,1
2313,DECODE,134,0,134,2466.46,21.74,1
2314,DECODE,134,0,134,2467.46,21.74,1
2315,DECODE,134,0,134,2468.46,21.67,1
2316,DECODE,134,0,134,2469.46,21.70,1
2317,DECODE,134,0,134,2470.46,21.93,1
2318,DECODE,134,0,134,2471.46,21.79,1
2319,DECODE,134,0,134,2472.46,21.90,1
2320,DECODE,130,0,130,2470.76,20.17,1
2321,DECODE,130,0,130,2471.76,20.28,1
2322,DECODE,130,0,130,2472.76,19.87,1
2323,DECODE,130,0,130,2473.76,19.91,1
2324,DECODE,130,0,130,2474.76,19.92,1
2325,DECODE,128,0,128,2474.43,19.73,1
2326,DECODE,128,0,128,2475.43,19.59,1
2327,DECODE,126,0,126,2476.87,19.61,1
2328,DECODE,126,0,126,2477.87,19.47,1
2329,DECODE,125,0,125,2478.22,19.63,1
2330,DECODE,125,0,125,2479.22,19.47,1
2331,DECODE,125,0,125,2480.22,19.49,1
2332,DECODE,125,0,125,2481.22,19.41,1
2333,DECODE,125,0,125,2482.22,19.50,1
2334,DECODE,125,0,125,2483.22,19.46,1
2335,DECODE,125,0,125,2484.22,19.54,1
2336,DECODE,121,0,121,2482.71,19.68,1
2337,DECODE,121,0,121,2483.71,19.39,1
2338,DECODE,121,0,121,2484.71,19.27,1
2339,DECODE,117,0,117,2483.14,22.35,1
2340,DECODE,117,0,117,2484.14,18.94,1
2341,DECODE,117,0,117,2485.14,18.98,1
2342,DECODE,117,0,117,2486.14,18.91,1
2343,DECODE,117,0,117,2487.14,18.91,1
2344,DECODE,117,0,117,2488.14,18.88,1
2345,DECODE,117,0,117,2489.14,18.91,1
2346,DECODE,116,0,116,2490.61,19.19,1
2347,DECODE,116,0,116,2491.61,18.93,1
2348,DECODE,116,0,116,2492.61,18.87,1
2349,DECODE,116,0,116,2493.61,18.87,1
2350,DECODE,116,0,116,2494.61,18.92,1
2351,DECODE,116,0,116,2495.61,18.87,1
2352,DECODE,115,0,115,2496.60,18.99,1
2353,DECODE,114,0,114,2497.45,19.05,1
2354,DECODE,114,0,114,2498.45,18.90,1
2355,DECODE,114,0,114,2499.45,18.83,1
2356,DECODE,114,0,114,2500.45,18.89,1
2357,DECODE,111,0,111,2500.23,22.11,1
2358,DECODE,111,0,111,2501.23,18.32,1
2359,DECODE,111,0,111,2502.23,18.52,1
2360,DECODE,111,0,111,2503.23,18.09,1
2361,DECODE,110,0,110,2503.72,18.25,1
2362,DECODE,110,0,110,2504.72,17.73,1
2363,DECODE,110,0,110,2505.72,17.74,1
2364,DECODE,109,0,109,2506.22,17.28,1
2365,DECODE,109,0,109,2507.22,17.64,1
2366,DECODE,109,0,109,2508.22,17.68,1
2367,DECODE,109,0,109,2509.22,17.66,1
2368,DECODE,109,0,109,2510.22,17.68,1
2369,DECODE,109,0,109,2511.22,17.51,1
2370,DECODE,109,0,109,2512.22,17.74,1
2371,DECODE,109,0,109,2513.22,17.45,1
2372,DECODE,109,0,109,2514.22,17.76,1
2373,DECODE,109,0,109,2515.22,17.46,1
2374,DECODE,109,0,109,2516.22,17.45,1
2375,DECODE,109,0,109,2517.22,17.51,1
2376,DECODE,108,0,108,2518.33,17.45,1
2377,DECODE,108,0,108,2519.33,17.51,1
2378,DECODE,108,0,108,2520.33,17.45,1
2379,DECODE,108,0,108,2521.33,17.50,1
2380,DECODE,99,0,99,2518.94,19.27,1
2381,DECODE,98,0,98,2519.52,17.56,1
2382,DECODE,94,0,94,2518.80,17.22,1
2383,DECODE,94,0,94,2519.80,17.25,1
2384,DECODE,94,0,94,2520.80,17.14,1
2385,DECODE,87,0,87,2518.64,19.84,1
2386,DECODE,87,0,87,2519.64,18.09,1
2387,DECODE,86,0,86,2520.86,17.67,1
2388,DECODE,86,0,86,2521.86,17.41,1
2389,DECODE,86,0,86,2522.86,17.46,1
2390,DECODE,86,0,86,2523.86,16.96,1
2391,DECODE,86,0,86,2524.86,16.90,1
2392,DECODE,85,0,85,2525.45,16.95,1
2393,DECODE,81,0,81,2524.74,16.95,1
2394,DECODE,81,0,81,2525.74,17.04,1
2395,DECODE,79,0,79,2525.87,18.95,1
2396,DECODE,79,0,79,2526.87,16.90,1
2397,DECODE,78,0,78,2527.45,16.76,1
2398,DECODE,78,0,78,2528.45,16.66,1
2399,DECODE,72,0,72,2526.82,18.13,1
2400,DECODE,68,0,68,2525.87,16.47,1
2401,DECODE,68,0,68,2526.87,16.55,1
2402,DECODE,68,0,68,2527.87,16.51,1
2403,DECODE,68,0,68,2528.87,16.64,1
2404,DECODE,68,0,68,2529.87,16.87,1
2405,DECODE,68,0,68,2530.87,16.41,1
2406,DECODE,68,0,68,2531.87,16.45,1
2407,DECODE,68,0,68,2532.87,16.42,1
2408,DECODE,68,0,68,2533.87,16.42,1
2409,DECODE,65,0,65,2534.03,14.40,1
2410,DECODE,61,0,61,2533.33,14.15,1
2411,DECODE,58,0,58,2532.95,13.98,1
2412,DECODE,58,0,58,2533.95,13.73,1
2413,DECODE,58,0,58,2534.95,13.70,1
2414,DECODE,58,0,58,2535.95,13.81,1
2415,DECODE,57,0,57,2536.53,13.84,1
2416,DECODE,57,0,57,2537.53,13.72,1
2417,DECODE,57,0,57,2538.53,13.67,1
2418,DECODE,52,0,52,2537.46,15.57,1
2419,DECODE,52,0,52,2538.46,14.14,1
2420,DECODE,52,0,52,2539.46,13.81,1
2421,DECODE,52,0,52,2540.46,13.80,1
2422,DECODE,47,0,47,2539.38,15.24,1
2423,DECODE,47,0,47,2540.38,13.34,1
2424,DECODE,43,0,43,2539.56,13.47,1
2425,DECODE,40,0,40,2539.03,14.95,1
2426,DECODE,39,0,39,2540.18,13.26,1
2427,DECODE,37,0,37,2540.11,13.20,1
2428,DECODE,37,0,37,2541.11,13.16,1
2429,DECODE,37,0,37,2542.11,13.12,1
2430,DECODE,36,0,36,2542.61,13.28,1
2431,DECODE,36,0,36,2543.61,13.24,1
2432,DECODE,36,0,36,2544.61,13.10,1
2433,DECODE,33,0,33,2544.21,12.26,1
2434,DECODE,30,0,30,2543.63,13.61,1
2435,DECODE,27,0,27,2542.81,11.79,1
2436,DECODE,27,0,27,2543.81,11.71,1
2437,DECODE,23,0,23,2542.00,13.33,1
2438,DECODE,22,0,22,2542.18,11.14,1
2439,DECODE,18,0,18,2539.22,10.90,1
2440,DECODE,17,0,17,2539.00,11.30,1
2441,DECODE,17,0,17,2540.00,11.27,1
2442,DECODE,17,0,17,2541.00,11.33,1
2443,DECODE,17,0,17,2542.00,11.27,1
2444,DECODE,17,0,17,2543.00,11.24,1
2445,DECODE,17,0,17,2544.00,11.25,1
2446,DECODE,17,0,17,2545.00,12.07,1
2447,DECODE,11,0,11,2537.82,13.85,1
2448,DECODE,11,0,11,2538.82,11.76,1
2449,DECODE,11,0,11,2539.82,11.53,1
2450,DECODE,11,0,11,2540.82,11.04,1
2451,DECODE,11,0,11,2541.82,10.17,1
2452,DECODE,11,0,11,2542.82,10.15,1
2453,DECODE,9,0,9,2540.00,10.20,1
2454,DECODE,9,0,9,2541.00,10.11,1
2455,DECODE,8,0,8,2539.62,12.58,1
2456,DECODE,8,0,8,2540.62,11.41,1
2457,DECODE,8,0,8,2541.62,10.76,1
2458,DECODE,8,0,8,2542.62,10.76,1
2459,DECODE,8,0,8,2543.62,10.81,1
2460,DECODE,8,0,8,2544.62,10.77,1
2461,DECODE,8,0,8,2545.62,10.64,1
2462,DECODE,8,0,8,2546.62,10.72,1
2463,DECODE,8,0,8,2547.62,10.61,1
2464,DECODE,8,0,8,2548.62,10.79,1
2465,DECODE,7,0,7,2548.00,10.88,1
2466,DECODE,6,0,6,2547.00,10.87,1
2467,DECODE,6,0,6,2548.00,10.74,1
2468,DECODE,6,0,6,2549.00,10.73,1
2469,DECODE,6,0,6,2550.00,10.79,1
2470,DECODE,6,0,6,2551.00,10.66,1
2471,DECODE,6,0,6,2552.00,10.61,1
2472,DECODE,4,0,4,2549.00,13.96,1
2473,DECODE,4,0,4,2550.00,10.42,1
2474,DECODE,4,0,4,2551.00,10.37,1
2475,DECODE,4,0,4,2552.00,10.45,1
2476,DECODE,4,0,4,2553.00,10.40,1
2477,DECODE,4,0,4,2554.00,10.36,1
2478,DECODE,4,0,4,2555.00,10.42,1
2479,DECODE,4,0,4,2556.00,10.19,1
2480,DECODE,4,0,4,2557.00,10.16,1
2481,DECODE,4,0,4,2558.00,10.20,1
2482,DECODE,4,0,4,2559.00,10.14,1
2483,DECODE,4,0,4,2560.00,10.28,1
