pass_id,mode,batch_size,prefill_tokens,decode_tokens,avg_seq_len,forward_time_ms,global_step
1,EXTEND,1,313,0,313.00,2519.11,1
2,EXTEND,27,8192,0,303.41,364.01,1
3,EXTEND,393,6691,0,314.35,42.88,1
4,DECODE,420,0,420,315.31,21.03,1
5,DECODE,420,0,420,316.31,9.57,1
6,DECODE,420,0,420,317.31,7.83,1
7,DECODE,420,0,420,318.31,7.93,1
8,DECODE,420,0,420,319.31,7.87,1
9,DECODE,420,0,420,320.31,7.89,1
10,DECODE,420,0,420,321.31,7.94,1
11,DECODE,420,0,420,322.31,7.93,1
12,DECODE,420,0,420,323.31,7.89,1
13,DECODE,420,0,420,324.31,7.93,1
14,DECODE,420,0,420,325.31,7.90,1
15,DECODE,420,0,420,326.31,7.89,1
16,DECODE,420,0,420,327.31,7.90,1
17,DECODE,420,0,420,328.31,9.07,1
18,DECODE,420,0,420,329.31,7.87,1
19,DECODE,420,0,420,330.31,7.84,1
20,DECODE,420,0,420,331.31,7.78,1
21,DECODE,420,0,420,332.31,7.88,1
22,DECODE,420,0,420,333.31,7.87,1
23,DECODE,420,0,420,334.31,7.90,1
24,DECODE,420,0,420,335.31,7.86,1
25,DECODE,420,0,420,336.31,7.83,1
26,DECODE,420,0,420,337.31,7.84,1
27,DECODE,420,0,420,338.31,7.86,1
28,DECODE,419,0,419,339.32,7.79,1
29,EXTEND,132,1912,0,314.70,29.01,1
30,DECODE,499,0,499,333.91,9.75,1
31,EXTEND,78,1064,0,313.79,27.30,1
32,DECODE,529,0,529,331.45,214.62,1
33,EXTEND,59,814,0,314.61,29.91,1
34,DECODE,521,0,521,329.39,27.15,1
35,EXTEND,65,899,0,314.62,23.55,1
36,DECODE,509,0,509,326.61,9.34,1
37,EXTEND,74,1006,0,314.76,23.11,1
38,DECODE,516,0,516,323.67,25.56,1
39,EXTEND,70,1016,0,314.34,22.03,1
40,DECODE,557,0,557,322.37,27.58,1
41,EXTEND,43,646,0,315.30,26.44,1
42,DECODE,583,0,583,322.14,31.15,1
43,EXTEND,26,344,0,314.77,22.45,1
44,DECODE,589,0,589,321.88,22.22,1
45,EXTEND,23,311,0,314.00,24.81,1
46,DECODE,609,0,609,322.45,27.93,1
47,EXTEND,10,130,0,315.20,31.85,1
48,DECODE,614,0,614,323.09,23.48,1
49,EXTEND,7,89,0,314.00,284.49,1
50,DECODE,616,0,616,323.73,116.26,1
51,EXTEND,6,71,0,314.50,25.47,1
52,DECODE,621,0,621,324.60,27.57,1
53,EXTEND,4,19,0,319.50,18.82,1
54,DECODE,625,0,625,325.57,27.75,1
55,DECODE,625,0,625,326.57,17.22,1
56,DECODE,625,0,625,327.57,16.76,1
57,DECODE,625,0,625,328.57,16.83,1
58,DECODE,625,0,625,329.57,16.59,1
59,DECODE,625,0,625,330.57,16.53,1
60,DECODE,625,0,625,331.57,16.55,1
61,DECODE,625,0,625,332.57,16.87,1
62,DECODE,625,0,625,333.57,16.67,1
63,DECODE,625,0,625,334.57,16.56,1
64,DECODE,624,0,624,335.53,22.77,1
65,EXTEND,7,59,0,314.43,22.42,1
66,DECODE,631,0,631,336.29,27.44,1
67,DECODE,631,0,631,337.29,20.77,1
68,DECODE,622,0,622,338.27,22.95,1
69,DECODE,606,0,606,339.16,24.99,1
70,DECODE,581,0,581,340.13,21.99,1
71,DECODE,541,0,541,341.06,24.09,1
72,DECODE,495,0,495,341.95,9.73,1
73,DECODE,439,0,439,342.86,9.32,1
74,DECODE,399,0,399,343.69,8.72,1
75,DECODE,351,0,351,344.68,8.25,1
76,DECODE,269,0,269,345.79,7.62,1
77,DECODE,232,0,232,347.12,7.08,1
78,DECODE,196,0,196,348.49,6.57,1
79,DECODE,152,0,152,350.26,6.21,1
80,DECODE,121,0,121,352.42,5.55,1
81,DECODE,108,0,108,354.41,5.38,1
82,DECODE,92,0,92,356.03,5.08,1
83,DECODE,83,0,83,357.57,5.01,1
84,DECODE,79,0,79,359.14,4.88,1
85,DECODE,77,0,77,360.36,4.04,1
86,DECODE,73,0,73,361.84,4.04,1
87,DECODE,71,0,71,363.04,4.92,1
88,DECODE,71,0,71,364.04,4.03,1
89,DECODE,68,0,68,365.43,3.99,1
90,DECODE,68,0,68,366.43,4.01,1
91,DECODE,65,0,65,367.86,3.91,1
92,DECODE,65,0,65,368.86,3.87,1
93,DECODE,62,0,62,370.47,4.70,1
94,DECODE,59,0,59,372.10,3.76,1
95,DECODE,58,0,58,373.60,3.81,1
96,DECODE,57,0,57,374.26,4.45,1
97,DECODE,56,0,56,375.79,4.37,1
98,DECODE,56,0,56,376.79,3.56,1
99,DECODE,56,0,56,377.79,3.56,1
100,DECODE,55,0,55,378.44,4.11,1
101,DECODE,55,0,55,379.44,4.23,1
102,DECODE,55,0,55,380.44,4.25,1
103,DECODE,53,0,53,380.81,4.29,1
104,DECODE,51,0,51,381.67,4.32,1
105,DECODE,51,0,51,382.67,4.19,1
106,DECODE,50,0,50,383.26,4.25,1
107,DECODE,50,0,50,384.26,4.19,1
108,DECODE,50,0,50,385.26,4.09,1
109,DECODE,50,0,50,386.26,4.08,1
110,DECODE,50,0,50,387.26,4.15,1
111,DECODE,50,0,50,388.26,4.10,1
112,DECODE,50,0,50,389.26,4.14,1
113,DECODE,50,0,50,390.26,4.11,1
114,DECODE,50,0,50,391.26,4.09,1
115,DECODE,50,0,50,392.26,4.00,1
116,DECODE,50,0,50,393.26,3.99,1
117,DECODE,50,0,50,394.26,3.98,1
118,DECODE,50,0,50,395.26,4.00,1
119,DECODE,50,0,50,396.26,4.16,1
120,DECODE,47,0,47,396.00,5.56,1
121,DECODE,47,0,47,397.00,3.99,1
122,DECODE,47,0,47,398.00,4.33,1
123,DECODE,47,0,47,399.00,4.25,1
124,DECODE,47,0,47,400.00,4.39,1
125,DECODE,46,0,46,401.15,4.57,1
126,DECODE,46,0,46,402.15,4.37,1
127,DECODE,46,0,46,403.15,4.38,1
128,DECODE,46,0,46,404.15,4.36,1
129,DECODE,45,0,45,404.62,4.43,1
130,DECODE,45,0,45,405.62,4.95,1
131,DECODE,45,0,45,406.62,4.61,1
132,DECODE,45,0,45,407.62,4.27,1
133,DECODE,45,0,45,408.62,4.30,1
134,DECODE,45,0,45,409.62,4.31,1
135,DECODE,44,0,44,410.75,4.60,1
136,DECODE,44,0,44,411.75,4.45,1
137,DECODE,44,0,44,412.75,4.41,1
138,DECODE,44,0,44,413.75,4.44,1
139,DECODE,44,0,44,414.75,4.35,1
140,DECODE,44,0,44,415.75,4.48,1
141,DECODE,44,0,44,416.75,4.53,1
142,DECODE,43,0,43,417.91,4.68,1
143,DECODE,43,0,43,418.91,4.48,1
144,DECODE,43,0,43,419.91,4.49,1
145,DECODE,42,0,42,421.10,4.60,1
146,DECODE,41,0,41,421.59,4.60,1
147,DECODE,41,0,41,422.59,4.41,1
148,DECODE,41,0,41,423.59,4.36,1
149,DECODE,40,0,40,424.65,6.18,1
150,DECODE,40,0,40,425.65,4.35,1
151,DECODE,40,0,40,426.65,4.32,1
152,DECODE,39,0,39,427.10,4.51,1
153,DECODE,38,0,38,427.55,4.59,1
154,DECODE,38,0,38,428.55,4.31,1
155,DECODE,38,0,38,429.55,4.38,1
156,DECODE,38,0,38,430.55,4.27,1
157,DECODE,38,0,38,431.55,4.50,1
158,DECODE,38,0,38,432.55,4.43,1
159,DECODE,38,0,38,433.55,4.33,1
160,DECODE,38,0,38,434.55,4.29,1
161,DECODE,38,0,38,435.55,4.41,1
162,DECODE,38,0,38,436.55,4.50,1
163,DECODE,38,0,38,437.55,4.71,1
164,DECODE,38,0,38,438.55,4.37,1
165,DECODE,37,0,37,438.97,4.50,1
166,DECODE,37,0,37,439.97,4.29,1
167,DECODE,37,0,37,440.97,4.28,1
168,DECODE,37,0,37,441.97,4.30,1
169,DECODE,37,0,37,442.97,4.31,1
170,DECODE,37,0,37,443.97,4.27,1
171,DECODE,37,0,37,444.97,4.28,1
172,DECODE,36,0,36,446.06,4.51,1
173,DECODE,35,0,35,447.29,4.49,1
174,DECODE,35,0,35,448.29,4.70,1
175,DECODE,35,0,35,449.29,4.29,1
176,DECODE,35,0,35,450.29,4.34,1
177,DECODE,35,0,35,451.29,4.30,1
178,DECODE,34,0,34,452.47,4.43,1
179,DECODE,34,0,34,453.47,4.30,1
180,DECODE,33,0,33,453.70,4.42,1
181,DECODE,33,0,33,454.70,4.31,1
182,DECODE,33,0,33,455.70,4.36,1
183,DECODE,33,0,33,456.70,4.26,1
184,DECODE,33,0,33,457.70,4.25,1
185,DECODE,32,0,32,458.94,5.25,1
186,DECODE,32,0,32,459.94,4.01,1
187,DECODE,31,0,31,461.10,4.18,1
188,DECODE,31,0,31,462.10,4.09,1
189,DECODE,31,0,31,463.10,4.04,1
190,DECODE,31,0,31,464.10,4.02,1
191,DECODE,31,0,31,465.10,3.95,1
192,DECODE,30,0,30,465.37,4.18,1
193,DECODE,30,0,30,466.37,4.08,1
194,DECODE,30,0,30,467.37,4.20,1
195,DECODE,30,0,30,468.37,4.07,1
196,DECODE,30,0,30,469.37,4.03,1
197,DECODE,30,0,30,470.37,4.06,1
198,DECODE,30,0,30,471.37,4.14,1
199,DECODE,29,0,29,472.48,4.31,1
200,DECODE,29,0,29,473.48,4.23,1
201,DECODE,29,0,29,474.48,4.06,1
202,DECODE,29,0,29,475.48,4.03,1
203,DECODE,28,0,28,476.82,4.22,1
204,DECODE,28,0,28,477.82,4.21,1
205,DECODE,26,0,26,478.08,4.28,1
206,DECODE,26,0,26,479.08,4.12,1
207,DECODE,26,0,26,480.08,4.07,1
208,DECODE,26,0,26,481.08,4.09,1
209,DECODE,26,0,26,482.08,4.02,1
210,DECODE,25,0,25,483.28,4.15,1
211,DECODE,24,0,24,484.42,5.83,1
212,DECODE,24,0,24,485.42,3.98,1
213,DECODE,24,0,24,486.42,3.95,1
214,DECODE,24,0,24,487.42,3.92,1
215,DECODE,24,0,24,488.42,3.93,1
216,DECODE,24,0,24,489.42,3.96,1
217,DECODE,24,0,24,490.42,3.99,1
218,DECODE,24,0,24,491.42,3.96,1
219,DECODE,24,0,24,492.42,3.90,1
220,DECODE,24,0,24,493.42,4.78,1
221,DECODE,23,0,23,494.48,4.22,1
222,DECODE,22,0,22,494.41,4.25,1
223,DECODE,22,0,22,495.41,3.93,1
224,DECODE,22,0,22,496.41,3.95,1
225,DECODE,22,0,22,497.41,3.95,1
226,DECODE,22,0,22,498.41,3.91,1
227,DECODE,22,0,22,499.41,3.93,1
228,DECODE,22,0,22,500.41,3.90,1
229,DECODE,21,0,21,501.52,4.12,1
230,DECODE,21,0,21,502.52,3.95,1
231,DECODE,21,0,21,503.52,4.01,1
232,DECODE,21,0,21,504.52,4.01,1
233,DECODE,20,0,20,505.40,4.17,1
234,DECODE,20,0,20,506.40,3.96,1
235,DECODE,20,0,20,507.40,3.95,1
236,DECODE,20,0,20,508.40,4.08,1
237,DECODE,20,0,20,509.40,3.99,1
238,DECODE,20,0,20,510.40,3.97,1
239,DECODE,20,0,20,511.40,3.95,1
240,DECODE,20,0,20,512.40,3.94,1
241,DECODE,19,0,19,513.89,4.18,1
242,DECODE,19,0,19,514.89,4.03,1
243,DECODE,19,0,19,515.89,4.06,1
244,DECODE,19,0,19,516.89,3.98,1
245,DECODE,18,0,18,518.33,4.13,1
246,DECODE,18,0,18,519.33,3.98,1
247,DECODE,18,0,18,520.33,3.99,1
248,DECODE,18,0,18,521.33,3.99,1
249,DECODE,18,0,18,522.33,4.11,1
250,DECODE,17,0,17,523.35,4.16,1
251,DECODE,17,0,17,524.35,4.07,1
252,DECODE,17,0,17,525.35,3.98,1
253,DECODE,17,0,17,526.35,3.98,1
254,DECODE,17,0,17,527.35,3.94,1
255,DECODE,17,0,17,528.35,3.99,1
256,DECODE,17,0,17,529.35,3.73,1
257,DECODE,17,0,17,530.35,3.93,1
258,DECODE,16,0,16,529.94,5.77,1
259,DECODE,16,0,16,530.94,3.91,1
260,DECODE,16,0,16,531.94,3.90,1
261,DECODE,16,0,16,532.94,3.86,1
262,DECODE,16,0,16,533.94,3.88,1
263,DECODE,16,0,16,534.94,3.87,1
264,DECODE,16,0,16,535.94,3.87,1
265,DECODE,16,0,16,536.94,3.87,1
266,DECODE,16,0,16,537.94,3.88,1
267,DECODE,15,0,15,540.40,4.05,1
268,DECODE,15,0,15,541.40,4.67,1
269,DECODE,15,0,15,542.40,3.94,1
270,DECODE,15,0,15,543.40,4.09,1
271,DECODE,15,0,15,544.40,3.92,1
272,DECODE,15,0,15,545.40,3.89,1
273,DECODE,15,0,15,546.40,3.89,1
274,DECODE,15,0,15,547.40,3.91,1
275,DECODE,15,0,15,548.40,3.89,1
276,DECODE,15,0,15,549.40,4.03,1
277,DECODE,15,0,15,550.40,3.91,1
278,DECODE,15,0,15,551.40,4.05,1
279,DECODE,15,0,15,552.40,3.95,1
280,DECODE,15,0,15,553.40,4.05,1
281,DECODE,15,0,15,554.40,3.96,1
282,DECODE,14,0,14,555.64,4.12,1
283,DECODE,14,0,14,556.64,3.96,1
284,DECODE,14,0,14,557.64,3.94,1
285,DECODE,14,0,14,558.64,3.90,1
286,DECODE,14,0,14,559.64,3.92,1
287,DECODE,13,0,13,559.00,4.17,1
288,DECODE,13,0,13,560.00,4.01,1
289,DECODE,13,0,13,561.00,3.83,1
290,DECODE,13,0,13,562.00,3.90,1
291,DECODE,13,0,13,563.00,3.87,1
292,DECODE,13,0,13,564.00,4.07,1
293,DECODE,13,0,13,565.00,3.99,1
294,DECODE,13,0,13,566.00,4.03,1
295,DECODE,13,0,13,567.00,4.02,1
296,DECODE,13,0,13,568.00,4.05,1
297,DECODE,13,0,13,569.00,4.00,1
298,DECODE,13,0,13,570.00,4.08,1
299,DECODE,13,0,13,571.00,3.92,1
300,DECODE,13,0,13,572.00,4.07,1
301,DECODE,13,0,13,573.00,4.04,1
302,DECODE,13,0,13,574.00,3.93,1
303,DECODE,13,0,13,575.00,3.96,1
304,DECODE,13,0,13,576.00,3.90,1
305,DECODE,13,0,13,577.00,3.89,1
306,DECODE,13,0,13,578.00,3.90,1
307,DECODE,13,0,13,579.00,3.97,1
308,DECODE,12,0,12,580.58,5.64,1
309,DECODE,12,0,12,581.58,3.85,1
310,DECODE,12,0,12,582.58,3.79,1
311,DECODE,12,0,12,583.58,3.79,1
312,DECODE,12,0,12,584.58,3.79,1
313,DECODE,12,0,12,585.58,3.99,1
314,DECODE,12,0,12,586.58,3.87,1
315,DECODE,12,0,12,587.58,3.82,1
316,DECODE,12,0,12,588.58,3.79,1
317,DECODE,12,0,12,589.58,3.78,1
318,DECODE,12,0,12,590.58,4.04,1
319,DECODE,12,0,12,591.58,3.79,1
320,DECODE,12,0,12,592.58,3.78,1
321,DECODE,12,0,12,593.58,3.74,1
322,DECODE,12,0,12,594.58,3.81,1
323,DECODE,12,0,12,595.58,3.77,1
324,DECODE,11,0,11,597.18,4.02,1
325,DECODE,11,0,11,598.18,3.86,1
326,DECODE,10,0,10,596.70,4.00,1
327,DECODE,10,0,10,597.70,3.82,1
328,DECODE,10,0,10,598.70,3.86,1
329,DECODE,10,0,10,599.70,3.64,1
330,DECODE,10,0,10,600.70,3.81,1
331,DECODE,10,0,10,601.70,3.79,1
332,DECODE,9,0,9,603.33,3.98,1
333,DECODE,9,0,9,604.33,3.79,1
334,DECODE,9,0,9,605.33,3.79,1
335,DECODE,9,0,9,606.33,3.74,1
336,DECODE,9,0,9,607.33,3.79,1
337,DECODE,9,0,9,608.33,3.78,1
338,DECODE,9,0,9,609.33,3.99,1
339,DECODE,9,0,9,610.33,3.81,1
340,DECODE,9,0,9,611.33,3.84,1
341,DECODE,9,0,9,612.33,3.79,1
342,DECODE,9,0,9,613.33,3.78,1
343,DECODE,9,0,9,614.33,3.77,1
344,DECODE,9,0,9,615.33,3.78,1
345,DECODE,9,0,9,616.33,3.78,1
346,DECODE,9,0,9,617.33,3.81,1
347,DECODE,9,0,9,618.33,3.77,1
348,DECODE,9,0,9,619.33,3.80,1
349,DECODE,9,0,9,620.33,3.78,1
350,DECODE,9,0,9,621.33,3.80,1
351,DECODE,9,0,9,622.33,3.80,1
352,DECODE,9,0,9,623.33,3.94,1
353,DECODE,9,0,9,624.33,3.82,1
354,DECODE,9,0,9,625.33,3.95,1
355,DECODE,9,0,9,626.33,3.83,1
356,DECODE,8,0,8,628.12,5.73,1
357,DECODE,8,0,8,629.12,3.83,1
358,DECODE,8,0,8,630.12,3.86,1
359,DECODE,7,0,7,631.43,4.03,1
360,DECODE,7,0,7,632.43,3.87,1
361,DECODE,7,0,7,633.43,3.87,1
362,DECODE,7,0,7,634.43,3.82,1
363,DECODE,7,0,7,635.43,3.77,1
364,DECODE,7,0,7,636.43,3.80,1
365,DECODE,6,0,6,638.50,3.87,1
366,DECODE,6,0,6,639.50,3.74,1
367,DECODE,6,0,6,640.50,3.78,1
368,DECODE,6,0,6,641.50,3.74,1
369,DECODE,6,0,6,642.50,3.71,1
370,DECODE,6,0,6,643.50,3.53,1
371,DECODE,6,0,6,644.50,3.69,1
372,DECODE,6,0,6,645.50,3.71,1
373,DECODE,6,0,6,646.50,3.68,1
374,DECODE,6,0,6,647.50,3.74,1
375,DECODE,6,0,6,648.50,3.71,1
376,DECODE,6,0,6,649.50,3.72,1
377,DECODE,6,0,6,650.50,3.72,1
378,DECODE,6,0,6,651.50,3.66,1
379,DECODE,6,0,6,652.50,3.69,1
380,DECODE,6,0,6,653.50,3.71,1
381,DECODE,6,0,6,654.50,3.70,1
382,DECODE,6,0,6,655.50,4.80,1
383,DECODE,6,0,6,656.50,3.76,1
384,DECODE,6,0,6,657.50,3.77,1
385,DECODE,6,0,6,658.50,3.77,1
386,DECODE,6,0,6,659.50,3.95,1
387,DECODE,6,0,6,660.50,3.87,1
388,DECODE,4,0,4,664.25,5.66,1
389,DECODE,4,0,4,665.25,3.70,1
390,DECODE,4,0,4,666.25,3.72,1
391,DECODE,4,0,4,667.25,3.67,1
392,DECODE,4,0,4,668.25,3.87,1
393,DECODE,4,0,4,669.25,3.65,1
394,DECODE,4,0,4,670.25,3.70,1
395,DECODE,4,0,4,671.25,3.64,1
396,DECODE,4,0,4,672.25,3.72,1
397,DECODE,4,0,4,673.25,3.70,1
398,DECODE,4,0,4,674.25,3.70,1
399,DECODE,4,0,4,675.25,3.67,1
400,DECODE,3,0,3,678.00,3.86,1
401,DECODE,3,0,3,679.00,3.73,1
402,DECODE,3,0,3,680.00,3.94,1
403,DECODE,3,0,3,681.00,3.70,1
404,DECODE,3,0,3,682.00,3.75,1
405,DECODE,3,0,3,683.00,3.71,1
406,DECODE,3,0,3,684.00,3.91,1
407,DECODE,3,0,3,685.00,3.75,1
408,DECODE,3,0,3,686.00,3.72,1
409,DECODE,3,0,3,687.00,3.70,1
410,DECODE,3,0,3,688.00,3.75,1
411,DECODE,3,0,3,689.00,3.62,1
412,DECODE,3,0,3,690.00,3.66,1
413,DECODE,3,0,3,691.00,3.64,1
414,DECODE,3,0,3,692.00,3.73,1
415,DECODE,3,0,3,693.00,3.70,1
416,DECODE,2,0,2,697.50,5.22,1
417,DECODE,2,0,2,698.50,3.67,1
418,DECODE,2,0,2,699.50,3.72,1
419,DECODE,2,0,2,700.50,3.66,1
420,DECODE,2,0,2,701.50,3.65,1
421,DECODE,2,0,2,702.50,3.60,1
422,DECODE,2,0,2,703.50,3.63,1
423,DECODE,2,0,2,704.50,3.71,1
424,DECODE,1,0,1,721.00,20.03,1
425,DECODE,1,0,1,722.00,3.19,1
426,DECODE,1,0,1,723.00,2.92,1
427,DECODE,1,0,1,724.00,2.86,1
428,DECODE,1,0,1,725.00,2.82,1
429,DECODE,1,0,1,726.00,2.83,1
430,DECODE,1,0,1,727.00,2.83,1
431,DECODE,1,0,1,728.00,2.81,1
432,DECODE,1,0,1,729.00,2.81,1
433,DECODE,1,0,1,730.00,2.81,1
434,DECODE,1,0,1,731.00,2.74,1
435,DECODE,1,0,1,732.00,2.82,1
436,DECODE,1,0,1,733.00,2.83,1
437,DECODE,1,0,1,734.00,2.85,1
438,DECODE,1,0,1,735.00,2.83,1
439,DECODE,1,0,1,736.00,2.85,1
440,DECODE,1,0,1,737.00,2.81,1
441,DECODE,1,0,1,738.00,2.79,1
442,DECODE,1,0,1,739.00,2.81,1
443,DECODE,1,0,1,740.00,2.80,1
444,DECODE,1,0,1,741.00,2.81,1
445,DECODE,1,0,1,742.00,2.82,1
446,DECODE,1,0,1,743.00,2.79,1
447,DECODE,1,0,1,744.00,2.79,1
448,DECODE,1,0,1,745.00,2.80,1
449,DECODE,1,0,1,746.00,2.80,1
450,DECODE,1,0,1,747.00,2.84,1
451,DECODE,1,0,1,748.00,2.86,1
452,DECODE,1,0,1,749.00,2.81,1
453,DECODE,1,0,1,750.00,2.87,1
454,DECODE,1,0,1,751.00,2.80,1
455,DECODE,1,0,1,752.00,2.87,1
456,DECODE,1,0,1,753.00,2.83,1
457,DECODE,1,0,1,754.00,2.78,1
458,DECODE,1,0,1,755.00,2.81,1
459,DECODE,1,0,1,756.00,2.84,1
460,DECODE,1,0,1,757.00,2.78,1
461,DECODE,1,0,1,758.00,2.79,1
462,DECODE,1,0,1,759.00,2.81,1
463,DECODE,1,0,1,760.00,2.78,1
464,DECODE,1,0,1,761.00,2.82,1
465,DECODE,1,0,1,762.00,2.78,1
466,DECODE,1,0,1,763.00,2.78,1
467,DECODE,1,0,1,764.00,2.75,1
468,DECODE,1,0,1,765.00,2.81,1
469,DECODE,1,0,1,766.00,2.77,1
470,DECODE,1,0,1,767.00,3.57,1
471,DECODE,1,0,1,768.00,2.78,1
472,DECODE,1,0,1,769.00,2.79,1
473,DECODE,1,0,1,770.00,2.82,1
474,DECODE,1,0,1,771.00,3.64,1
475,DECODE,1,0,1,772.00,3.59,1
476,DECODE,1,0,1,773.00,3.52,1
477,DECODE,1,0,1,774.00,3.58,1
478,DECODE,1,0,1,775.00,3.54,1
479,DECODE,1,0,1,776.00,3.61,1
480,DECODE,1,0,1,777.00,3.53,1
481,DECODE,1,0,1,778.00,3.49,1
482,EXTEND,1,519,0,862.00,45.23,1
483,EXTEND,17,8192,0,823.29,49.52,1
484,EXTEND,18,8192,0,838.11,49.98,1
485,EXTEND,18,8192,0,824.17,48.65,1
486,EXTEND,17,8192,0,885.88,48.23,1
487,EXTEND,18,8192,0,844.28,49.65,1
488,EXTEND,17,8192,0,839.94,48.98,1
489,EXTEND,18,8192,0,829.00,49.04,1
490,EXTEND,17,8192,0,851.29,48.16,1
491,EXTEND,19,8192,0,832.32,48.37,1
492,EXTEND,17,8192,0,831.76,48.15,1
493,EXTEND,18,8192,0,809.11,48.88,1
494,EXTEND,17,8192,0,828.00,48.61,1
495,EXTEND,17,8192,0,829.65,48.16,1
496,EXTEND,18,8192,0,826.44,48.40,1
497,EXTEND,18,8192,0,807.44,47.91,1
498,EXTEND,17,8192,0,837.00,48.33,1
499,EXTEND,16,8192,0,870.12,48.40,1
500,EXTEND,17,8192,0,837.35,48.48,1
501,EXTEND,16,8192,0,875.06,47.64,1
502,EXTEND,18,8192,0,814.06,48.82,1
503,EXTEND,16,8192,0,855.31,47.02,1
504,EXTEND,17,8192,0,845.65,47.19,1
505,EXTEND,18,8192,0,801.83,47.55,1
506,EXTEND,12,8192,0,1055.67,47.37,1
507,EXTEND,17,8192,0,871.00,47.28,1
508,EXTEND,18,8192,0,820.56,48.75,1
509,EXTEND,16,8192,0,867.38,47.60,1
510,EXTEND,18,8192,0,825.33,48.30,1
511,EXTEND,14,6947,0,852.14,52.70,1
512,EXTEND,16,8192,0,855.69,48.56,1
513,EXTEND,15,8192,0,894.93,48.21,1
514,EXTEND,17,8192,0,841.53,47.95,1
515,EXTEND,17,8192,0,874.71,49.08,1
516,EXTEND,11,8192,0,1099.18,55.96,1
517,EXTEND,17,8192,0,864.41,49.71,1
518,EXTEND,14,8192,0,938.57,49.04,1
519,EXTEND,19,8192,0,837.21,48.39,1
520,EXTEND,13,8192,0,1008.85,48.24,1
521,EXTEND,13,7339,0,912.77,45.88,1
522,DECODE,610,0,610,874.08,24.62,1
523,DECODE,610,0,610,875.08,17.17,1
524,DECODE,610,0,610,876.08,17.25,1
525,DECODE,610,0,610,877.08,17.26,1
526,DECODE,610,0,610,878.08,17.13,1
527,DECODE,610,0,610,879.08,18.20,1
528,DECODE,610,0,610,880.08,18.37,1
529,DECODE,610,0,610,881.08,17.57,1
530,DECODE,610,0,610,882.08,17.10,1
531,DECODE,610,0,610,883.08,17.39,1
532,DECODE,610,0,610,884.08,18.47,1
533,DECODE,610,0,610,885.08,17.84,1
534,DECODE,610,0,610,886.08,17.48,1
535,DECODE,610,0,610,887.08,18.44,1
536,DECODE,610,0,610,888.08,17.22,1
537,DECODE,610,0,610,889.08,17.37,1
538,DECODE,610,0,610,890.08,17.46,1
539,DECODE,610,0,610,891.08,17.25,1
540,DECODE,610,0,610,892.08,22.06,1
541,DECODE,610,0,610,893.08,18.50,1
542,DECODE,610,0,610,894.08,17.78,1
543,DECODE,610,0,610,895.08,17.50,1
544,DECODE,610,0,610,896.08,17.29,1
545,DECODE,610,0,610,897.08,17.23,1
546,DECODE,610,0,610,898.08,17.92,1
547,DECODE,604,0,604,899.15,23.44,1
548,EXTEND,18,8192,0,827.28,48.47,1
549,EXTEND,11,5478,0,846.00,39.84,1
550,DECODE,590,0,590,899.34,23.17,1
551,EXTEND,18,8192,0,826.28,47.20,1
552,EXTEND,17,8192,0,854.00,47.89,1
553,EXTEND,8,3643,0,966.25,29.23,1
554,DECODE,603,0,603,899.71,23.90,1
555,EXTEND,19,8192,0,851.84,48.06,1
556,EXTEND,10,4813,0,836.50,30.85,1
557,DECODE,601,0,601,900.27,24.26,1
558,EXTEND,16,8192,0,855.12,47.72,1
559,EXTEND,14,6052,0,824.57,37.21,1
560,DECODE,597,0,597,900.23,23.09,1
561,EXTEND,18,8192,0,825.22,46.92,1
562,EXTEND,16,7363,0,823.56,43.19,1
563,DECODE,607,0,607,898.23,23.47,1
564,EXTEND,16,8192,0,866.94,47.31,1
565,EXTEND,11,4534,0,860.09,32.29,1
566,DECODE,616,0,616,898.88,17.64,1
567,EXTEND,14,6945,0,887.57,40.64,1
568,DECODE,620,0,620,899.84,26.18,1
569,EXTEND,12,6451,0,880.50,40.17,1
570,DECODE,621,0,621,900.84,17.94,1
571,EXTEND,12,4445,0,836.58,31.98,1
572,DECODE,629,0,629,900.81,24.55,1
573,EXTEND,8,2409,0,844.12,26.25,1
574,DECODE,636,0,636,900.32,23.41,1
575,EXTEND,4,997,0,842.25,18.50,1
576,DECODE,639,0,639,900.96,23.93,1
577,EXTEND,2,928,0,813.00,23.23,1
578,DECODE,640,0,640,900.17,24.72,1
579,EXTEND,2,990,0,841.00,20.20,1
580,DECODE,640,0,640,899.52,20.56,1
581,EXTEND,3,477,0,832.00,25.32,1
582,DECODE,642,0,642,898.63,23.23,1
583,EXTEND,2,1080,0,884.00,21.73,1
584,DECODE,644,0,644,899.59,23.11,1
585,DECODE,644,0,644,900.59,17.61,1
586,DECODE,644,0,644,901.59,17.08,1
587,DECODE,644,0,644,902.59,17.08,1
588,DECODE,640,0,640,902.91,16.99,1
589,EXTEND,5,2685,0,891.20,23.87,1
590,DECODE,643,0,643,903.86,23.21,1
591,EXTEND,3,1527,0,855.33,24.92,1
592,DECODE,645,0,645,904.65,24.23,1
593,EXTEND,3,491,0,839.33,22.87,1
594,DECODE,647,0,647,904.49,133.65,1
595,EXTEND,2,2,0,840.00,35.89,1
596,DECODE,648,0,648,905.27,24.48,1
597,EXTEND,2,519,0,851.00,17.14,1
598,DECODE,650,0,650,906.10,27.53,1
599,DECODE,650,0,650,907.10,17.55,1
600,DECODE,650,0,650,908.10,17.61,1
601,DECODE,647,0,647,909.27,17.48,1
602,EXTEND,4,1039,0,861.50,29.01,1
603,DECODE,646,0,646,910.28,18.43,1
604,EXTEND,5,1915,0,827.00,24.10,1
605,DECODE,645,0,645,911.01,17.71,1
606,EXTEND,6,2831,0,814.83,24.19,1
607,DECODE,638,0,638,910.69,24.19,1
608,EXTEND,11,3923,0,842.27,28.43,1
609,DECODE,636,0,636,907.54,17.75,1
610,EXTEND,12,5972,0,842.83,35.76,1
611,DECODE,635,0,635,907.79,26.61,1
612,EXTEND,14,6884,0,930.71,40.16,1
613,DECODE,630,0,630,909.99,24.88,1
614,EXTEND,16,8192,0,862.44,46.73,1
615,EXTEND,7,2611,0,860.43,24.07,1
616,DECODE,642,0,642,910.09,17.63,1
617,EXTEND,9,4428,0,892.22,28.62,1
618,DECODE,640,0,640,910.75,18.00,1
619,EXTEND,10,3980,0,839.20,27.98,1
620,DECODE,646,0,646,910.60,18.85,1
621,EXTEND,6,2906,0,836.00,23.98,1
622,DECODE,642,0,642,911.00,17.63,1
623,EXTEND,5,1981,0,833.20,25.76,1
624,DECODE,643,0,643,911.44,17.69,1
625,DECODE,643,0,643,912.44,17.35,1
626,DECODE,633,0,633,913.77,24.22,1
627,DECODE,625,0,625,914.75,17.57,1
628,DECODE,618,0,618,915.95,23.13,1
629,DECODE,612,0,612,917.04,22.80,1
630,DECODE,606,0,606,918.12,17.27,1
631,DECODE,600,0,600,918.11,24.35,1
632,DECODE,589,0,589,919.25,17.28,1
633,DECODE,580,0,580,919.92,22.40,1
634,DECODE,575,0,575,921.02,26.36,1
635,DECODE,570,0,570,922.00,24.01,1
636,DECODE,558,0,558,922.86,24.18,1
637,DECODE,547,0,547,923.64,24.26,1
638,DECODE,532,0,532,924.39,24.16,1
639,DECODE,525,0,525,925.61,23.31,1
640,DECODE,519,0,519,926.49,17.60,1
641,DECODE,512,0,512,927.53,12.42,1
642,DECODE,493,0,493,928.60,11.69,1
643,DECODE,488,0,488,929.88,11.55,1
644,DECODE,480,0,480,929.85,14.60,1
645,DECODE,469,0,469,931.14,11.37,1
646,DECODE,459,0,459,933.20,13.69,1
647,DECODE,447,0,447,934.59,11.05,1
648,DECODE,443,0,443,935.84,10.85,1
649,DECODE,433,0,433,937.38,10.77,1
650,DECODE,429,0,429,938.54,10.70,1
651,DECODE,418,0,418,940.24,10.43,1
652,DECODE,415,0,415,941.50,13.58,1
653,DECODE,408,0,408,942.78,10.73,1
654,DECODE,400,0,400,944.15,10.37,1
655,DECODE,393,0,393,945.65,10.08,1
656,DECODE,388,0,388,945.26,12.34,1
657,DECODE,383,0,383,945.60,12.43,1
658,DECODE,378,0,378,946.87,10.36,1
659,DECODE,370,0,370,948.25,10.34,1
660,DECODE,363,0,363,949.99,12.37,1
661,DECODE,357,0,357,951.43,10.33,1
662,DECODE,347,0,347,951.71,10.18,1
663,DECODE,343,0,343,952.41,10.17,1
664,DECODE,333,0,333,954.17,11.89,1
665,DECODE,328,0,328,955.63,9.04,1
666,DECODE,322,0,322,956.72,8.95,1
667,DECODE,313,0,313,959.26,11.56,1
668,DECODE,303,0,303,961.25,11.72,1
669,DECODE,299,0,299,962.02,10.17,1
670,DECODE,288,0,288,964.29,10.70,1
671,DECODE,283,0,283,965.93,9.26,1
672,DECODE,276,0,276,965.16,9.18,1
673,DECODE,272,0,272,966.62,9.10,1
674,DECODE,266,0,266,968.19,8.99,1
675,DECODE,256,0,256,970.53,10.89,1
676,DECODE,250,0,250,969.70,8.26,1
677,DECODE,243,0,243,971.28,10.35,1
678,DECODE,239,0,239,972.26,9.72,1
679,DECODE,233,0,233,973.39,8.23,1
680,DECODE,230,0,230,974.75,8.22,1
681,DECODE,228,0,228,976.33,8.17,1
682,DECODE,225,0,225,977.72,8.05,1
683,DECODE,217,0,217,979.27,10.30,1
684,DECODE,210,0,210,980.32,9.87,1
685,DECODE,203,0,203,982.91,9.25,1
686,DECODE,199,0,199,984.60,7.75,1
687,DECODE,195,0,195,986.76,7.55,1
688,DECODE,185,0,185,989.50,8.77,1
689,DECODE,181,0,181,992.31,9.31,1
690,DECODE,174,0,174,994.40,8.67,1
691,DECODE,170,0,170,997.28,7.03,1
692,DECODE,165,0,165,998.65,9.02,1
693,DECODE,160,0,160,1002.26,8.32,1
694,DECODE,153,0,153,1005.22,6.90,1
695,DECODE,153,0,153,1006.22,6.78,1
696,DECODE,149,0,149,1008.28,7.29,1
697,DECODE,143,0,143,1011.44,8.33,1
698,DECODE,138,0,138,1014.69,6.81,1
699,DECODE,133,0,133,1017.69,8.93,1
700,DECODE,129,0,129,1017.50,6.59,1
701,DECODE,129,0,129,1018.50,6.65,1
702,DECODE,125,0,125,1019.74,6.22,1
703,DECODE,123,0,123,1021.69,6.43,1
704,DECODE,119,0,119,1017.08,8.45,1
705,DECODE,117,0,117,1018.78,6.11,1
706,DECODE,112,0,112,1021.85,6.05,1
707,DECODE,108,0,108,1025.72,6.04,1
708,DECODE,104,0,104,1029.17,7.39,1
709,DECODE,102,0,102,1031.76,5.95,1
710,DECODE,101,0,101,1026.16,5.97,1
711,DECODE,100,0,100,1027.52,6.01,1
712,DECODE,97,0,97,1030.75,5.98,1
713,DECODE,93,0,93,1022.98,5.86,1
714,DECODE,90,0,90,1026.40,5.69,1
715,DECODE,89,0,89,1028.36,5.60,1
716,DECODE,86,0,86,1031.37,5.81,1
717,DECODE,85,0,85,1032.39,5.97,1
718,DECODE,82,0,82,1034.16,6.02,1
719,DECODE,81,0,81,1035.84,6.14,1
720,DECODE,79,0,79,1037.80,5.87,1
721,DECODE,78,0,78,1038.96,5.89,1
722,DECODE,75,0,75,1034.53,5.71,1
723,DECODE,74,0,74,1036.69,5.78,1
724,DECODE,74,0,74,1037.69,5.56,1
725,DECODE,72,0,72,1039.93,5.78,1
726,DECODE,70,0,70,1042.29,5.67,1
727,DECODE,68,0,68,1035.65,5.67,1
728,DECODE,67,0,67,1036.60,5.65,1
729,DECODE,65,0,65,1040.51,5.57,1
730,DECODE,62,0,62,1043.13,5.60,1
731,DECODE,60,0,60,1046.42,5.07,1
732,DECODE,57,0,57,1041.68,5.25,1
733,DECODE,55,0,55,1043.80,5.21,1
734,DECODE,53,0,53,1048.04,5.16,1
735,DECODE,49,0,49,1052.88,5.60,1
736,DECODE,46,0,46,1040.35,6.19,1
737,DECODE,45,0,45,1042.96,5.37,1
738,DECODE,45,0,45,1043.96,4.91,1
739,DECODE,44,0,44,1044.73,5.16,1
740,DECODE,42,0,42,1048.00,5.09,1
741,DECODE,41,0,41,1051.37,5.11,1
742,DECODE,39,0,39,1055.79,5.12,1
743,DECODE,38,0,38,1058.00,5.01,1
744,DECODE,37,0,37,1038.76,4.92,1
745,DECODE,37,0,37,1039.76,4.71,1
746,DECODE,37,0,37,1040.76,4.70,1
747,DECODE,35,0,35,1047.60,4.84,1
748,DECODE,35,0,35,1048.60,4.83,1
749,DECODE,34,0,34,1051.41,4.81,1
750,DECODE,34,0,34,1052.41,4.82,1
751,DECODE,34,0,34,1053.41,4.61,1
752,DECODE,34,0,34,1054.41,4.73,1
753,DECODE,34,0,34,1055.41,4.82,1
754,DECODE,34,0,34,1056.41,4.78,1
755,DECODE,34,0,34,1057.41,4.82,1
756,DECODE,34,0,34,1058.41,4.73,1
757,DECODE,33,0,33,1058.09,4.87,1
758,DECODE,32,0,32,1060.66,4.78,1
759,DECODE,32,0,32,1061.66,4.46,1
760,DECODE,32,0,32,1062.66,4.37,1
761,DECODE,31,0,31,1064.39,4.55,1
762,DECODE,31,0,31,1065.39,4.45,1
763,DECODE,31,0,31,1066.39,4.36,1
764,DECODE,29,0,29,1070.72,4.61,1
765,DECODE,28,0,28,1074.79,4.60,1
766,DECODE,26,0,26,1081.77,4.70,1
767,DECODE,26,0,26,1082.77,4.56,1
768,DECODE,26,0,26,1083.77,4.50,1
769,DECODE,25,0,25,1084.44,4.57,1
770,DECODE,25,0,25,1085.44,4.44,1
771,DECODE,25,0,25,1086.44,4.34,1
772,DECODE,24,0,24,1091.83,4.39,1
773,DECODE,24,0,24,1092.83,4.20,1
774,DECODE,24,0,24,1093.83,4.21,1
775,DECODE,24,0,24,1094.83,4.18,1
776,DECODE,23,0,23,1096.00,4.44,1
777,DECODE,23,0,23,1097.00,4.18,1
778,DECODE,23,0,23,1098.00,4.16,1
779,DECODE,23,0,23,1099.00,4.20,1
780,DECODE,22,0,22,1100.36,4.33,1
781,DECODE,21,0,21,1106.57,4.40,1
782,DECODE,20,0,20,1113.25,4.35,1
783,DECODE,20,0,20,1114.25,4.17,1
784,DECODE,20,0,20,1115.25,4.21,1
785,DECODE,20,0,20,1116.25,4.18,1
786,DECODE,20,0,20,1117.25,4.15,1
787,DECODE,20,0,20,1118.25,4.17,1
788,DECODE,20,0,20,1119.25,4.20,1
789,DECODE,18,0,18,1128.00,4.47,1
790,DECODE,18,0,18,1129.00,4.18,1
791,DECODE,18,0,18,1130.00,4.17,1
792,DECODE,18,0,18,1131.00,4.11,1
793,DECODE,18,0,18,1132.00,4.14,1
794,DECODE,18,0,18,1133.00,4.08,1
795,DECODE,18,0,18,1134.00,4.75,1
796,DECODE,18,0,18,1135.00,4.06,1
797,DECODE,18,0,18,1136.00,4.14,1
798,DECODE,17,0,17,1137.88,4.25,1
799,DECODE,16,0,16,1144.94,4.36,1
800,DECODE,16,0,16,1145.94,4.18,1
801,DECODE,16,0,16,1146.94,4.06,1
802,DECODE,15,0,15,1151.93,4.27,1
803,DECODE,15,0,15,1152.93,4.11,1
804,DECODE,15,0,15,1153.93,4.08,1
805,DECODE,15,0,15,1154.93,4.22,1
806,DECODE,15,0,15,1155.93,4.07,1
807,DECODE,14,0,14,1161.57,4.33,1
808,DECODE,14,0,14,1162.57,4.55,1
809,DECODE,14,0,14,1163.57,4.01,1
810,DECODE,14,0,14,1164.57,3.99,1
811,DECODE,14,0,14,1165.57,4.03,1
812,DECODE,14,0,14,1166.57,3.99,1
813,DECODE,14,0,14,1167.57,4.01,1
814,DECODE,14,0,14,1168.57,4.00,1
815,DECODE,14,0,14,1169.57,4.01,1
816,DECODE,13,0,13,1182.23,4.19,1
817,DECODE,13,0,13,1183.23,4.00,1
818,DECODE,12,0,12,1195.67,4.16,1
819,DECODE,12,0,12,1196.67,3.96,1
820,DECODE,12,0,12,1197.67,3.90,1
821,DECODE,12,0,12,1198.67,3.95,1
822,DECODE,12,0,12,1199.67,3.92,1
823,DECODE,11,0,11,1213.27,4.15,1
824,DECODE,11,0,11,1214.27,4.00,1
825,DECODE,11,0,11,1215.27,3.93,1
826,DECODE,11,0,11,1216.27,3.94,1
827,DECODE,11,0,11,1217.27,3.95,1
828,DECODE,11,0,11,1218.27,3.96,1
829,DECODE,11,0,11,1219.27,3.92,1
830,DECODE,11,0,11,1220.27,3.97,1
831,DECODE,9,0,9,1245.00,4.11,1
832,DECODE,9,0,9,1246.00,4.00,1
833,DECODE,9,0,9,1247.00,3.96,1
834,DECODE,8,0,8,1157.50,4.09,1
835,DECODE,8,0,8,1158.50,3.85,1
836,DECODE,8,0,8,1159.50,3.83,1
837,DECODE,6,0,6,1189.67,4.05,1
838,DECODE,6,0,6,1190.67,4.15,1
839,DECODE,6,0,6,1191.67,3.81,1
840,DECODE,6,0,6,1192.67,3.82,1
841,DECODE,6,0,6,1193.67,3.85,1
842,DECODE,6,0,6,1194.67,3.84,1
843,DECODE,6,0,6,1195.67,4.01,1
844,DECODE,6,0,6,1196.67,3.93,1
845,DECODE,6,0,6,1197.67,3.95,1
846,DECODE,6,0,6,1198.67,3.82,1
847,DECODE,6,0,6,1199.67,4.08,1
848,DECODE,6,0,6,1200.67,3.13,1
849,DECODE,4,0,4,1239.25,3.29,1
850,DECODE,4,0,4,1240.25,3.04,1
851,DECODE,3,0,3,1297.67,3.10,1
852,DECODE,3,0,3,1298.67,3.14,1
853,DECODE,3,0,3,1299.67,3.18,1
854,DECODE,3,0,3,1300.67,3.16,1
855,DECODE,3,0,3,1301.67,3.23,1
856,DECODE,3,0,3,1302.67,3.33,1
857,DECODE,3,0,3,1303.67,3.30,1
858,DECODE,3,0,3,1304.67,3.29,1
859,DECODE,3,0,3,1305.67,3.14,1
860,DECODE,3,0,3,1306.67,3.32,1
861,DECODE,3,0,3,1307.67,3.17,1
862,DECODE,3,0,3,1308.67,3.14,1
863,DECODE,3,0,3,1309.67,3.38,1
864,DECODE,2,0,2,1391.50,3.16,1
865,DECODE,2,0,2,1392.50,3.15,1
866,DECODE,2,0,2,1393.50,3.31,1
867,DECODE,2,0,2,1394.50,3.12,1
868,DECODE,2,0,2,1395.50,3.63,1
869,DECODE,2,0,2,1396.50,3.67,1
870,DECODE,2,0,2,1397.50,3.67,1
871,DECODE,2,0,2,1398.50,3.68,1
872,DECODE,2,0,2,1399.50,3.64,1
873,DECODE,2,0,2,1400.50,3.65,1
874,DECODE,2,0,2,1401.50,3.63,1
875,DECODE,2,0,2,1402.50,3.67,1
876,DECODE,2,0,2,1403.50,3.64,1
877,DECODE,2,0,2,1404.50,3.61,1
878,DECODE,2,0,2,1405.50,3.60,1
879,DECODE,2,0,2,1406.50,3.63,1
880,DECODE,2,0,2,1407.50,3.60,1
881,DECODE,2,0,2,1408.50,4.09,1
882,DECODE,2,0,2,1409.50,3.63,1
883,DECODE,2,0,2,1410.50,3.66,1
884,DECODE,2,0,2,1411.50,3.86,1
885,DECODE,2,0,2,1412.50,3.98,1
886,DECODE,2,0,2,1413.50,3.85,1
887,DECODE,2,0,2,1414.50,3.92,1
888,DECODE,2,0,2,1415.50,3.93,1
889,DECODE,2,0,2,1416.50,3.98,1
890,DECODE,2,0,2,1417.50,3.85,1
891,DECODE,2,0,2,1418.50,3.92,1
892,DECODE,2,0,2,1419.50,3.90,1
893,DECODE,2,0,2,1420.50,3.72,1
894,DECODE,2,0,2,1421.50,3.68,1
895,DECODE,2,0,2,1422.50,3.60,1
896,DECODE,2,0,2,1423.50,3.54,1
897,DECODE,2,0,2,1424.50,3.63,1
898,DECODE,2,0,2,1425.50,3.63,1
899,DECODE,2,0,2,1426.50,3.67,1
900,DECODE,2,0,2,1427.50,3.64,1
901,DECODE,2,0,2,1428.50,3.61,1
902,DECODE,2,0,2,1429.50,3.60,1
903,DECODE,2,0,2,1430.50,3.71,1
904,DECODE,2,0,2,1431.50,3.64,1
905,DECODE,2,0,2,1432.50,3.99,1
906,DECODE,2,0,2,1433.50,3.95,1
907,DECODE,2,0,2,1434.50,3.97,1
908,DECODE,2,0,2,1435.50,3.99,1
909,DECODE,2,0,2,1436.50,4.04,1
910,DECODE,2,0,2,1437.50,4.02,1
911,DECODE,2,0,2,1438.50,3.96,1
912,DECODE,2,0,2,1439.50,3.96,1
913,DECODE,2,0,2,1440.50,3.80,1
914,DECODE,2,0,2,1441.50,3.75,1
915,DECODE,2,0,2,1442.50,3.78,1
916,DECODE,2,0,2,1443.50,3.82,1
917,DECODE,2,0,2,1444.50,3.80,1
918,DECODE,2,0,2,1445.50,3.70,1
919,DECODE,2,0,2,1446.50,3.77,1
920,DECODE,2,0,2,1447.50,3.73,1
921,DECODE,2,0,2,1448.50,3.83,1
922,DECODE,2,0,2,1449.50,3.74,1
923,DECODE,2,0,2,1450.50,3.75,1
924,DECODE,2,0,2,1451.50,3.72,1
925,DECODE,2,0,2,1452.50,3.86,1
926,DECODE,2,0,2,1453.50,3.78,1
927,DECODE,2,0,2,1454.50,3.81,1
928,DECODE,2,0,2,1455.50,3.78,1
929,DECODE,2,0,2,1456.50,3.78,1
930,DECODE,2,0,2,1457.50,3.77,1
931,DECODE,2,0,2,1458.50,3.83,1
932,DECODE,2,0,2,1459.50,3.74,1
933,DECODE,2,0,2,1460.50,3.78,1
934,DECODE,2,0,2,1461.50,3.72,1
935,DECODE,2,0,2,1462.50,3.81,1
936,DECODE,2,0,2,1463.50,3.81,1
937,DECODE,2,0,2,1464.50,3.77,1
938,DECODE,2,0,2,1465.50,3.79,1
939,DECODE,2,0,2,1466.50,3.83,1
940,DECODE,2,0,2,1467.50,3.85,1
941,DECODE,2,0,2,1468.50,3.84,1
942,DECODE,2,0,2,1469.50,3.83,1
943,DECODE,2,0,2,1470.50,3.77,1
944,DECODE,2,0,2,1471.50,3.76,1
945,DECODE,2,0,2,1472.50,3.78,1
946,DECODE,2,0,2,1473.50,3.76,1
947,DECODE,2,0,2,1474.50,3.76,1
948,DECODE,2,0,2,1475.50,3.74,1
949,DECODE,2,0,2,1476.50,3.89,1
950,DECODE,2,0,2,1477.50,3.81,1
951,DECODE,2,0,2,1478.50,3.85,1
952,DECODE,2,0,2,1479.50,3.89,1
953,DECODE,2,0,2,1480.50,3.77,1
954,DECODE,2,0,2,1481.50,3.80,1
955,DECODE,2,0,2,1482.50,3.76,1
956,DECODE,2,0,2,1483.50,3.74,1
957,DECODE,2,0,2,1484.50,3.77,1
958,DECODE,2,0,2,1485.50,3.76,1
959,DECODE,2,0,2,1486.50,3.81,1
960,DECODE,2,0,2,1487.50,3.75,1
961,DECODE,2,0,2,1488.50,3.79,1
962,DECODE,2,0,2,1489.50,3.75,1
963,DECODE,2,0,2,1490.50,3.82,1
964,DECODE,2,0,2,1491.50,3.80,1
965,DECODE,2,0,2,1492.50,3.78,1
966,DECODE,2,0,2,1493.50,3.75,1
967,DECODE,2,0,2,1494.50,3.85,1
968,DECODE,2,0,2,1495.50,3.80,1
969,DECODE,2,0,2,1496.50,3.81,1
970,DECODE,2,0,2,1497.50,3.83,1
971,DECODE,2,0,2,1498.50,3.83,1
972,DECODE,2,0,2,1499.50,3.43,1
973,DECODE,2,0,2,1500.50,3.82,1
974,DECODE,2,0,2,1501.50,3.78,1
975,DECODE,2,0,2,1502.50,3.76,1
976,DECODE,2,0,2,1503.50,3.73,1
977,DECODE,2,0,2,1504.50,3.79,1
978,DECODE,2,0,2,1505.50,3.91,1
979,DECODE,2,0,2,1506.50,3.75,1
980,DECODE,2,0,2,1507.50,3.75,1
981,DECODE,2,0,2,1508.50,3.79,1
982,DECODE,2,0,2,1509.50,3.78,1
983,DECODE,2,0,2,1510.50,3.73,1
984,DECODE,2,0,2,1511.50,3.79,1
985,DECODE,2,0,2,1512.50,3.87,1
986,DECODE,2,0,2,1513.50,3.77,1
987,DECODE,2,0,2,1514.50,3.80,1
988,DECODE,2,0,2,1515.50,3.71,1
989,DECODE,2,0,2,1516.50,3.28,1
990,DECODE,2,0,2,1517.50,3.38,1
991,DECODE,2,0,2,1518.50,3.03,1
992,DECODE,2,0,2,1519.50,2.98,1
993,DECODE,2,0,2,1520.50,3.06,1
994,DECODE,2,0,2,1521.50,2.96,1
995,DECODE,2,0,2,1522.50,3.06,1
996,DECODE,2,0,2,1523.50,2.97,1
997,DECODE,2,0,2,1524.50,3.05,1
998,DECODE,2,0,2,1525.50,3.11,1
999,DECODE,2,0,2,1526.50,3.13,1
1000,DECODE,2,0,2,1527.50,3.14,1
1001,DECODE,2,0,2,1528.50,3.19,1
1002,DECODE,2,0,2,1529.50,3.19,1
1003,DECODE,2,0,2,1530.50,3.37,1
1004,DECODE,2,0,2,1531.50,3.36,1
1005,DECODE,2,0,2,1532.50,3.15,1
1006,DECODE,2,0,2,1533.50,3.09,1
1007,DECODE,2,0,2,1534.50,3.38,1
1008,DECODE,2,0,2,1535.50,3.12,1
1009,DECODE,2,0,2,1536.50,3.10,1
1010,DECODE,2,0,2,1537.50,3.12,1
1011,DECODE,2,0,2,1538.50,3.12,1
1012,DECODE,2,0,2,1539.50,3.22,1
1013,DECODE,2,0,2,1540.50,3.00,1
1014,DECODE,2,0,2,1541.50,3.10,1
1015,DECODE,2,0,2,1542.50,3.39,1
1016,DECODE,2,0,2,1543.50,3.12,1
1017,DECODE,2,0,2,1544.50,3.11,1
1018,DECODE,2,0,2,1545.50,3.37,1
1019,DECODE,2,0,2,1546.50,3.14,1
1020,DECODE,2,0,2,1547.50,3.12,1
1021,DECODE,2,0,2,1548.50,3.17,1
1022,DECODE,2,0,2,1549.50,3.08,1
1023,DECODE,2,0,2,1550.50,3.24,1
1024,DECODE,2,0,2,1551.50,3.20,1
1025,DECODE,2,0,2,1552.50,3.26,1
1026,DECODE,2,0,2,1553.50,3.36,1
1027,DECODE,2,0,2,1554.50,3.15,1
1028,DECODE,2,0,2,1555.50,3.06,1
1029,DECODE,2,0,2,1556.50,3.40,1
1030,DECODE,2,0,2,1557.50,3.05,1
1031,DECODE,2,0,2,1558.50,3.10,1
1032,DECODE,2,0,2,1559.50,3.11,1
1033,DECODE,2,0,2,1560.50,3.12,1
1034,DECODE,2,0,2,1561.50,3.15,1
1035,DECODE,2,0,2,1562.50,3.15,1
1036,DECODE,2,0,2,1563.50,3.07,1
1037,DECODE,2,0,2,1564.50,3.38,1
1038,DECODE,2,0,2,1565.50,3.12,1
1039,DECODE,2,0,2,1566.50,3.22,1
1040,DECODE,2,0,2,1567.50,3.35,1
1041,DECODE,2,0,2,1568.50,3.13,1
1042,DECODE,2,0,2,1569.50,3.06,1
1043,DECODE,2,0,2,1570.50,3.12,1
1044,DECODE,2,0,2,1571.50,3.07,1
1045,DECODE,2,0,2,1572.50,3.13,1
1046,DECODE,2,0,2,1573.50,3.15,1
1047,DECODE,2,0,2,1574.50,3.13,1
1048,DECODE,2,0,2,1575.50,3.34,1
1049,DECODE,2,0,2,1576.50,3.16,1
1050,DECODE,2,0,2,1577.50,3.08,1
1051,DECODE,2,0,2,1578.50,3.36,1
1052,DECODE,2,0,2,1579.50,3.12,1
1053,DECODE,2,0,2,1580.50,3.13,1
1054,DECODE,2,0,2,1581.50,3.29,1
1055,DECODE,2,0,2,1582.50,3.23,1
1056,DECODE,2,0,2,1583.50,3.16,1
1057,DECODE,2,0,2,1584.50,3.20,1
1058,DECODE,2,0,2,1585.50,3.15,1
1059,DECODE,2,0,2,1586.50,3.32,1
1060,DECODE,2,0,2,1587.50,3.15,1
1061,DECODE,2,0,2,1588.50,3.10,1
1062,DECODE,2,0,2,1589.50,3.35,1
1063,DECODE,2,0,2,1590.50,3.16,1
1064,DECODE,2,0,2,1591.50,3.10,1
1065,DECODE,2,0,2,1592.50,3.28,1
1066,DECODE,2,0,2,1593.50,3.09,1
1067,DECODE,2,0,2,1594.50,3.13,1
1068,DECODE,2,0,2,1595.50,3.15,1
1069,DECODE,2,0,2,1596.50,3.10,1
1070,DECODE,2,0,2,1597.50,3.24,1
1071,DECODE,2,0,2,1598.50,3.14,1
1072,DECODE,2,0,2,1599.50,3.10,1
1073,DECODE,2,0,2,1600.50,3.40,1
1074,DECODE,2,0,2,1601.50,3.16,1
1075,DECODE,2,0,2,1602.50,3.11,1
1076,DECODE,2,0,2,1603.50,3.38,1
1077,DECODE,2,0,2,1604.50,3.14,1
1078,DECODE,2,0,2,1605.50,3.10,1
1079,DECODE,2,0,2,1606.50,3.03,1
1080,DECODE,2,0,2,1607.50,3.00,1
1081,DECODE,2,0,2,1608.50,3.22,1
1082,DECODE,2,0,2,1609.50,2.97,1
1083,DECODE,2,0,2,1610.50,3.02,1
1084,DECODE,2,0,2,1611.50,3.00,1
1085,DECODE,2,0,2,1612.50,3.04,1
1086,DECODE,2,0,2,1613.50,2.97,1
1087,DECODE,2,0,2,1614.50,2.99,1
1088,DECODE,2,0,2,1615.50,3.02,1
1089,DECODE,2,0,2,1616.50,3.00,1
1090,DECODE,2,0,2,1617.50,2.98,1
1091,DECODE,2,0,2,1618.50,2.99,1
1092,DECODE,2,0,2,1619.50,2.98,1
1093,DECODE,2,0,2,1620.50,3.00,1
1094,DECODE,2,0,2,1621.50,2.97,1
1095,DECODE,2,0,2,1622.50,3.10,1
1096,DECODE,2,0,2,1623.50,2.98,1
1097,DECODE,2,0,2,1624.50,3.00,1
1098,DECODE,2,0,2,1625.50,2.97,1
1099,DECODE,2,0,2,1626.50,3.04,1
1100,DECODE,2,0,2,1627.50,3.07,1
1101,DECODE,2,0,2,1628.50,3.11,1
1102,DECODE,2,0,2,1629.50,3.07,1
1103,DECODE,2,0,2,1630.50,3.03,1
1104,DECODE,2,0,2,1631.50,3.05,1
1105,DECODE,2,0,2,1632.50,2.99,1
1106,DECODE,2,0,2,1633.50,3.02,1
1107,DECODE,2,0,2,1634.50,3.00,1
1108,DECODE,2,0,2,1635.50,3.00,1
1109,DECODE,2,0,2,1636.50,2.99,1
1110,DECODE,2,0,2,1637.50,2.97,1
1111,DECODE,2,0,2,1638.50,2.97,1
1112,DECODE,2,0,2,1639.50,2.97,1
1113,DECODE,2,0,2,1640.50,2.98,1
1114,DECODE,2,0,2,1641.50,2.97,1
1115,DECODE,2,0,2,1642.50,2.95,1
1116,DECODE,2,0,2,1643.50,2.95,1
1117,DECODE,2,0,2,1644.50,2.97,1
1118,DECODE,2,0,2,1645.50,3.00,1
1119,DECODE,2,0,2,1646.50,2.99,1
1120,DECODE,2,0,2,1647.50,2.98,1
1121,DECODE,2,0,2,1648.50,2.96,1
1122,DECODE,2,0,2,1649.50,2.96,1
1123,DECODE,2,0,2,1650.50,2.95,1
1124,DECODE,2,0,2,1651.50,2.99,1
1125,DECODE,2,0,2,1652.50,2.97,1
1126,DECODE,2,0,2,1653.50,2.97,1
1127,DECODE,2,0,2,1654.50,2.99,1
1128,DECODE,2,0,2,1655.50,2.96,1
1129,DECODE,2,0,2,1656.50,2.96,1
1130,DECODE,2,0,2,1657.50,3.03,1
1131,DECODE,2,0,2,1658.50,2.99,1
1132,DECODE,2,0,2,1659.50,4.05,1
1133,DECODE,2,0,2,1660.50,4.48,1
1134,DECODE,2,0,2,1661.50,3.61,1
1135,DECODE,2,0,2,1662.50,2.98,1
1136,DECODE,2,0,2,1663.50,3.03,1
1137,DECODE,2,0,2,1664.50,2.99,1
1138,DECODE,2,0,2,1665.50,3.01,1
1139,DECODE,2,0,2,1666.50,3.02,1
1140,DECODE,2,0,2,1667.50,2.98,1
1141,DECODE,2,0,2,1668.50,2.97,1
1142,DECODE,2,0,2,1669.50,2.96,1
1143,DECODE,2,0,2,1670.50,3.01,1
1144,DECODE,2,0,2,1671.50,2.98,1
1145,DECODE,2,0,2,1672.50,2.98,1
1146,DECODE,2,0,2,1673.50,3.01,1
1147,DECODE,2,0,2,1674.50,2.99,1
1148,DECODE,2,0,2,1675.50,2.97,1
1149,DECODE,2,0,2,1676.50,2.99,1
1150,DECODE,2,0,2,1677.50,3.04,1
1151,DECODE,2,0,2,1678.50,3.00,1
1152,DECODE,2,0,2,1679.50,2.96,1
1153,DECODE,2,0,2,1680.50,3.00,1
1154,DECODE,2,0,2,1681.50,2.99,1
1155,DECODE,2,0,2,1682.50,2.99,1
1156,DECODE,2,0,2,1683.50,2.99,1
1157,DECODE,2,0,2,1684.50,3.19,1
1158,DECODE,2,0,2,1685.50,3.19,1
1159,DECODE,2,0,2,1686.50,3.03,1
1160,DECODE,2,0,2,1687.50,3.21,1
1161,DECODE,2,0,2,1688.50,3.03,1
1162,DECODE,2,0,2,1689.50,2.99,1
1163,DECODE,2,0,2,1690.50,3.02,1
1164,DECODE,2,0,2,1691.50,2.99,1
1165,DECODE,2,0,2,1692.50,3.96,1
1166,DECODE,2,0,2,1693.50,3.03,1
1167,DECODE,2,0,2,1694.50,3.01,1
1168,DECODE,2,0,2,1695.50,3.04,1
1169,DECODE,2,0,2,1696.50,2.97,1
1170,DECODE,2,0,2,1697.50,3.01,1
1171,DECODE,2,0,2,1698.50,2.96,1
1172,DECODE,2,0,2,1699.50,3.08,1
1173,DECODE,2,0,2,1700.50,2.98,1
1174,DECODE,2,0,2,1701.50,3.03,1
1175,DECODE,2,0,2,1702.50,2.99,1
1176,DECODE,2,0,2,1703.50,3.05,1
1177,DECODE,2,0,2,1704.50,2.97,1
1178,DECODE,2,0,2,1705.50,3.01,1
1179,DECODE,2,0,2,1706.50,2.99,1
1180,DECODE,2,0,2,1707.50,3.03,1
1181,DECODE,2,0,2,1708.50,2.97,1
1182,DECODE,2,0,2,1709.50,3.03,1
1183,DECODE,2,0,2,1710.50,2.98,1
1184,DECODE,2,0,2,1711.50,3.01,1
1185,DECODE,2,0,2,1712.50,2.98,1
1186,DECODE,2,0,2,1713.50,3.03,1
1187,DECODE,2,0,2,1714.50,2.98,1
1188,DECODE,2,0,2,1715.50,3.00,1
1189,DECODE,2,0,2,1716.50,2.96,1
1190,DECODE,2,0,2,1717.50,2.98,1
1191,DECODE,2,0,2,1718.50,2.95,1
1192,DECODE,2,0,2,1719.50,3.02,1
1193,DECODE,2,0,2,1720.50,2.99,1
1194,DECODE,2,0,2,1721.50,3.04,1
1195,DECODE,2,0,2,1722.50,2.96,1
1196,DECODE,2,0,2,1723.50,3.06,1
1197,DECODE,2,0,2,1724.50,2.98,1
1198,DECODE,2,0,2,1725.50,3.03,1
1199,DECODE,2,0,2,1726.50,3.00,1
1200,DECODE,2,0,2,1727.50,3.03,1
1201,DECODE,2,0,2,1728.50,2.99,1
1202,DECODE,2,0,2,1729.50,2.99,1
1203,DECODE,2,0,2,1730.50,2.97,1
1204,DECODE,2,0,2,1731.50,3.03,1
1205,DECODE,2,0,2,1732.50,2.98,1
1206,DECODE,2,0,2,1733.50,3.03,1
1207,DECODE,2,0,2,1734.50,3.00,1
1208,DECODE,2,0,2,1735.50,3.08,1
1209,DECODE,2,0,2,1736.50,3.02,1
1210,DECODE,2,0,2,1737.50,3.02,1
1211,DECODE,2,0,2,1738.50,2.96,1
1212,DECODE,2,0,2,1739.50,3.02,1
1213,DECODE,2,0,2,1740.50,2.96,1
1214,DECODE,2,0,2,1741.50,3.07,1
1215,DECODE,2,0,2,1742.50,3.01,1
1216,DECODE,2,0,2,1743.50,3.02,1
1217,DECODE,2,0,2,1744.50,2.98,1
1218,DECODE,2,0,2,1745.50,3.01,1
1219,DECODE,2,0,2,1746.50,2.97,1
1220,DECODE,2,0,2,1747.50,3.00,1
1221,DECODE,2,0,2,1748.50,3.00,1
1222,DECODE,2,0,2,1749.50,2.99,1
1223,DECODE,2,0,2,1750.50,2.99,1
1224,DECODE,2,0,2,1751.50,3.05,1
1225,DECODE,2,0,2,1752.50,3.00,1
1226,DECODE,2,0,2,1753.50,2.96,1
1227,DECODE,2,0,2,1754.50,2.99,1
1228,DECODE,2,0,2,1755.50,4.80,1
1229,DECODE,2,0,2,1756.50,3.77,1
1230,DECODE,2,0,2,1757.50,3.71,1
1231,DECODE,2,0,2,1758.50,4.37,1
1232,DECODE,2,0,2,1759.50,3.03,1
1233,DECODE,2,0,2,1760.50,3.07,1
1234,DECODE,2,0,2,1761.50,3.02,1
1235,DECODE,2,0,2,1762.50,3.03,1
1236,DECODE,2,0,2,1763.50,3.00,1
1237,DECODE,2,0,2,1764.50,3.06,1
1238,DECODE,2,0,2,1765.50,2.99,1
1239,DECODE,2,0,2,1766.50,3.00,1
1240,DECODE,2,0,2,1767.50,2.97,1
1241,DECODE,2,0,2,1768.50,2.99,1
1242,DECODE,2,0,2,1769.50,2.95,1
1243,DECODE,2,0,2,1770.50,3.01,1
1244,DECODE,2,0,2,1771.50,3.05,1
1245,DECODE,2,0,2,1772.50,3.03,1
1246,DECODE,2,0,2,1773.50,3.02,1
1247,DECODE,2,0,2,1774.50,3.03,1
1248,DECODE,2,0,2,1775.50,2.99,1
1249,DECODE,2,0,2,1776.50,3.01,1
1250,DECODE,2,0,2,1777.50,3.05,1
1251,DECODE,2,0,2,1778.50,3.02,1
1252,DECODE,2,0,2,1779.50,3.03,1
1253,DECODE,2,0,2,1780.50,3.01,1
1254,DECODE,2,0,2,1781.50,3.02,1
1255,DECODE,2,0,2,1782.50,3.02,1
1256,DECODE,2,0,2,1783.50,3.00,1
1257,DECODE,2,0,2,1784.50,3.01,1
1258,DECODE,2,0,2,1785.50,2.94,1
1259,DECODE,2,0,2,1786.50,3.02,1
1260,DECODE,2,0,2,1787.50,2.96,1
1261,DECODE,2,0,2,1788.50,3.05,1
1262,DECODE,2,0,2,1789.50,2.98,1
1263,DECODE,2,0,2,1790.50,3.05,1
1264,DECODE,2,0,2,1791.50,3.02,1
1265,DECODE,2,0,2,1792.50,3.05,1
1266,DECODE,2,0,2,1793.50,2.99,1
1267,DECODE,2,0,2,1794.50,3.02,1
1268,DECODE,2,0,2,1795.50,3.04,1
1269,DECODE,2,0,2,1796.50,3.07,1
1270,DECODE,2,0,2,1797.50,2.99,1
1271,DECODE,2,0,2,1798.50,3.07,1
1272,DECODE,2,0,2,1799.50,3.04,1
1273,DECODE,2,0,2,1800.50,3.06,1
1274,DECODE,2,0,2,1801.50,2.97,1
1275,DECODE,2,0,2,1802.50,3.01,1
1276,DECODE,2,0,2,1803.50,3.03,1
1277,DECODE,2,0,2,1804.50,3.07,1
1278,DECODE,2,0,2,1805.50,3.03,1
1279,DECODE,2,0,2,1806.50,3.64,1
1280,DECODE,2,0,2,1807.50,2.98,1
1281,DECODE,2,0,2,1808.50,2.99,1
1282,DECODE,2,0,2,1809.50,2.99,1
1283,DECODE,2,0,2,1810.50,2.95,1
1284,DECODE,2,0,2,1811.50,3.00,1
1285,DECODE,2,0,2,1812.50,2.96,1
1286,DECODE,2,0,2,1813.50,2.97,1
1287,DECODE,2,0,2,1814.50,2.97,1
1288,DECODE,2,0,2,1815.50,3.00,1
1289,DECODE,2,0,2,1816.50,2.98,1
1290,DECODE,2,0,2,1817.50,2.97,1
1291,DECODE,2,0,2,1818.50,2.96,1
1292,DECODE,2,0,2,1819.50,2.97,1
1293,DECODE,2,0,2,1820.50,2.97,1
1294,DECODE,2,0,2,1821.50,2.98,1
1295,DECODE,2,0,2,1822.50,2.96,1
1296,DECODE,2,0,2,1823.50,2.96,1
1297,DECODE,2,0,2,1824.50,3.00,1
1298,DECODE,2,0,2,1825.50,3.02,1
1299,DECODE,2,0,2,1826.50,2.98,1
1300,DECODE,2,0,2,1827.50,2.99,1
1301,DECODE,2,0,2,1828.50,3.13,1
1302,DECODE,2,0,2,1829.50,3.05,1
1303,DECODE,2,0,2,1830.50,3.05,1
1304,DECODE,2,0,2,1831.50,4.81,1
1305,DECODE,2,0,2,1832.50,3.86,1
1306,DECODE,2,0,2,1833.50,3.88,1
1307,DECODE,2,0,2,1834.50,3.05,1
1308,DECODE,2,0,2,1835.50,3.02,1
1309,DECODE,2,0,2,1836.50,2.97,1
1310,DECODE,2,0,2,1837.50,2.99,1
1311,DECODE,2,0,2,1838.50,2.96,1
1312,DECODE,1,0,1,2053.00,3.02,1
1313,DECODE,1,0,1,2054.00,2.84,1
1314,DECODE,1,0,1,2055.00,2.87,1
1315,DECODE,1,0,1,2056.00,2.83,1
1316,DECODE,1,0,1,2057.00,2.88,1
1317,DECODE,1,0,1,2058.00,2.82,1
1318,DECODE,1,0,1,2059.00,2.87,1
1319,DECODE,1,0,1,2060.00,2.81,1
1320,DECODE,1,0,1,2061.00,2.85,1
1321,DECODE,1,0,1,2062.00,2.82,1
1322,DECODE,1,0,1,2063.00,2.88,1
1323,DECODE,1,0,1,2064.00,2.83,1
1324,DECODE,1,0,1,2065.00,2.91,1
1325,DECODE,1,0,1,2066.00,2.81,1
1326,DECODE,1,0,1,2067.00,2.85,1
1327,DECODE,1,0,1,2068.00,2.94,1
1328,DECODE,1,0,1,2069.00,2.91,1
1329,DECODE,1,0,1,2070.00,2.84,1
1330,DECODE,1,0,1,2071.00,2.90,1
1331,DECODE,1,0,1,2072.00,2.84,1
1332,DECODE,1,0,1,2073.00,2.92,1
1333,DECODE,1,0,1,2074.00,2.83,1
1334,DECODE,1,0,1,2075.00,2.91,1
1335,DECODE,1,0,1,2076.00,2.88,1
1336,DECODE,1,0,1,2077.00,2.90,1
1337,DECODE,1,0,1,2078.00,2.84,1
1338,DECODE,1,0,1,2079.00,2.91,1
1339,DECODE,1,0,1,2080.00,2.82,1
1340,DECODE,1,0,1,2081.00,2.86,1
1341,DECODE,1,0,1,2082.00,2.87,1
1342,DECODE,1,0,1,2083.00,2.87,1
1343,DECODE,1,0,1,2084.00,2.85,1
1344,DECODE,1,0,1,2085.00,2.86,1
1345,DECODE,1,0,1,2086.00,2.85,1
1346,DECODE,1,0,1,2087.00,4.03,1
1347,DECODE,1,0,1,2088.00,2.90,1
1348,DECODE,1,0,1,2089.00,2.90,1
1349,DECODE,1,0,1,2090.00,2.84,1
1350,DECODE,1,0,1,2091.00,2.91,1
1351,DECODE,1,0,1,2092.00,2.87,1
1352,DECODE,1,0,1,2093.00,2.90,1
1353,DECODE,1,0,1,2094.00,2.91,1
1354,DECODE,1,0,1,2095.00,2.90,1
1355,DECODE,1,0,1,2096.00,2.88,1
1356,DECODE,1,0,1,2097.00,2.90,1
1357,DECODE,1,0,1,2098.00,2.92,1
1358,DECODE,1,0,1,2099.00,2.90,1
1359,DECODE,1,0,1,2100.00,2.88,1
1360,DECODE,1,0,1,2101.00,2.91,1
1361,DECODE,1,0,1,2102.00,2.89,1
1362,DECODE,1,0,1,2103.00,2.92,1
1363,DECODE,1,0,1,2104.00,2.92,1
1364,DECODE,1,0,1,2105.00,2.94,1
1365,DECODE,1,0,1,2106.00,2.88,1
1366,DECODE,1,0,1,2107.00,2.93,1
1367,DECODE,1,0,1,2108.00,2.91,1
1368,DECODE,1,0,1,2109.00,2.93,1
1369,DECODE,1,0,1,2110.00,2.88,1
1370,DECODE,1,0,1,2111.00,2.96,1
1371,DECODE,1,0,1,2112.00,2.89,1
1372,DECODE,1,0,1,2113.00,2.94,1
1373,DECODE,1,0,1,2114.00,2.91,1
1374,DECODE,1,0,1,2115.00,2.96,1
1375,DECODE,1,0,1,2116.00,2.93,1
1376,DECODE,1,0,1,2117.00,2.93,1
1377,DECODE,1,0,1,2118.00,2.92,1
1378,DECODE,1,0,1,2119.00,2.96,1
1379,DECODE,1,0,1,2120.00,2.90,1
1380,DECODE,1,0,1,2121.00,2.93,1
1381,DECODE,1,0,1,2122.00,3.04,1
1382,DECODE,1,0,1,2123.00,2.93,1
1383,DECODE,1,0,1,2124.00,3.00,1
1384,DECODE,1,0,1,2125.00,2.91,1
1385,DECODE,1,0,1,2126.00,2.89,1
1386,DECODE,1,0,1,2127.00,2.95,1
1387,DECODE,1,0,1,2128.00,2.90,1
1388,DECODE,1,0,1,2129.00,2.88,1
1389,DECODE,1,0,1,2130.00,2.89,1
1390,DECODE,1,0,1,2131.00,2.92,1
1391,DECODE,1,0,1,2132.00,2.90,1
1392,DECODE,1,0,1,2133.00,2.97,1
1393,DECODE,1,0,1,2134.00,2.91,1
1394,DECODE,1,0,1,2135.00,2.92,1
1395,DECODE,1,0,1,2136.00,2.88,1
1396,DECODE,1,0,1,2137.00,2.92,1
1397,DECODE,1,0,1,2138.00,2.90,1
1398,DECODE,1,0,1,2139.00,2.87,1
1399,DECODE,1,0,1,2140.00,2.85,1
1400,DECODE,1,0,1,2141.00,2.85,1
1401,DECODE,1,0,1,2142.00,2.88,1
1402,DECODE,1,0,1,2143.00,2.93,1
1403,DECODE,1,0,1,2144.00,2.90,1
1404,DECODE,1,0,1,2145.00,2.90,1
1405,DECODE,1,0,1,2146.00,2.90,1
1406,DECODE,1,0,1,2147.00,2.92,1
1407,DECODE,1,0,1,2148.00,2.89,1
1408,DECODE,1,0,1,2149.00,2.91,1
1409,DECODE,1,0,1,2150.00,2.88,1
1410,DECODE,1,0,1,2151.00,2.92,1
1411,DECODE,1,0,1,2152.00,2.91,1
1412,DECODE,1,0,1,2153.00,2.92,1
1413,DECODE,1,0,1,2154.00,2.88,1
1414,DECODE,1,0,1,2155.00,2.89,1
1415,DECODE,1,0,1,2156.00,2.88,1
1416,DECODE,1,0,1,2157.00,2.91,1
1417,DECODE,1,0,1,2158.00,2.87,1
1418,DECODE,1,0,1,2159.00,2.92,1
1419,DECODE,1,0,1,2160.00,2.90,1
1420,DECODE,1,0,1,2161.00,2.94,1
1421,DECODE,1,0,1,2162.00,2.90,1
1422,DECODE,1,0,1,2163.00,2.92,1
1423,DECODE,1,0,1,2164.00,2.87,1
1424,DECODE,1,0,1,2165.00,2.83,1
1425,DECODE,1,0,1,2166.00,2.82,1
1426,DECODE,1,0,1,2167.00,2.91,1
1427,DECODE,1,0,1,2168.00,2.85,1
1428,DECODE,1,0,1,2169.00,2.92,1
1429,DECODE,1,0,1,2170.00,2.89,1
1430,DECODE,1,0,1,2171.00,2.92,1
1431,DECODE,1,0,1,2172.00,2.89,1
1432,DECODE,1,0,1,2173.00,2.92,1
1433,DECODE,1,0,1,2174.00,2.87,1
1434,DECODE,1,0,1,2175.00,2.91,1
1435,DECODE,1,0,1,2176.00,2.87,1
1436,DECODE,1,0,1,2177.00,2.92,1
1437,DECODE,1,0,1,2178.00,2.85,1
1438,DECODE,1,0,1,2179.00,2.93,1
1439,DECODE,1,0,1,2180.00,2.89,1
1440,DECODE,1,0,1,2181.00,2.92,1
1441,DECODE,1,0,1,2182.00,2.85,1
1442,DECODE,1,0,1,2183.00,2.90,1
1443,DECODE,1,0,1,2184.00,2.91,1
1444,DECODE,1,0,1,2185.00,2.92,1
1445,DECODE,1,0,1,2186.00,2.90,1
1446,DECODE,1,0,1,2187.00,2.91,1
1447,DECODE,1,0,1,2188.00,2.89,1
1448,DECODE,1,0,1,2189.00,2.93,1
1449,DECODE,1,0,1,2190.00,2.88,1
1450,DECODE,1,0,1,2191.00,2.88,1
1451,DECODE,1,0,1,2192.00,2.91,1
1452,DECODE,1,0,1,2193.00,2.90,1
1453,DECODE,1,0,1,2194.00,2.92,1
1454,DECODE,1,0,1,2195.00,2.88,1
1455,DECODE,1,0,1,2196.00,2.86,1
1456,DECODE,1,0,1,2197.00,2.85,1
1457,DECODE,1,0,1,2198.00,2.91,1
1458,DECODE,1,0,1,2199.00,2.90,1
1459,DECODE,1,0,1,2200.00,2.92,1
1460,DECODE,1,0,1,2201.00,2.89,1
1461,DECODE,1,0,1,2202.00,3.24,1
1462,DECODE,1,0,1,2203.00,2.90,1
1463,DECODE,1,0,1,2204.00,2.89,1
1464,DECODE,1,0,1,2205.00,2.90,1
1465,DECODE,1,0,1,2206.00,2.90,1
1466,DECODE,1,0,1,2207.00,2.89,1
1467,DECODE,1,0,1,2208.00,2.85,1
1468,DECODE,1,0,1,2209.00,3.81,1
1469,DECODE,1,0,1,2210.00,2.95,1
1470,DECODE,1,0,1,2211.00,2.89,1
1471,DECODE,1,0,1,2212.00,2.89,1
1472,DECODE,1,0,1,2213.00,2.91,1
1473,DECODE,1,0,1,2214.00,2.86,1
1474,DECODE,1,0,1,2215.00,2.87,1
1475,DECODE,1,0,1,2216.00,2.85,1
1476,DECODE,1,0,1,2217.00,2.86,1
1477,DECODE,1,0,1,2218.00,2.86,1
1478,DECODE,1,0,1,2219.00,2.85,1
1479,DECODE,1,0,1,2220.00,3.92,1
1480,DECODE,1,0,1,2221.00,2.91,1
1481,DECODE,1,0,1,2222.00,2.87,1
1482,DECODE,1,0,1,2223.00,2.87,1
1483,DECODE,1,0,1,2224.00,2.87,1
1484,DECODE,1,0,1,2225.00,3.64,1
1485,DECODE,1,0,1,2226.00,2.96,1
1486,DECODE,1,0,1,2227.00,2.86,1
1487,DECODE,1,0,1,2228.00,2.75,1
1488,DECODE,1,0,1,2229.00,2.82,1
1489,DECODE,1,0,1,2230.00,2.84,1
1490,DECODE,1,0,1,2231.00,2.85,1
1491,DECODE,1,0,1,2232.00,2.92,1
1492,DECODE,1,0,1,2233.00,2.86,1
1493,DECODE,1,0,1,2234.00,3.64,1
1494,DECODE,1,0,1,2235.00,3.62,1
1495,DECODE,1,0,1,2236.00,3.54,1
1496,DECODE,1,0,1,2237.00,3.57,1
1497,DECODE,1,0,1,2238.00,3.51,1
1498,DECODE,1,0,1,2239.00,3.60,1
1499,DECODE,1,0,1,2240.00,3.49,1
1500,DECODE,1,0,1,2241.00,3.50,1
1501,DECODE,1,0,1,2242.00,3.47,1
1502,DECODE,1,0,1,2243.00,3.46,1
1503,DECODE,1,0,1,2244.00,3.53,1
1504,DECODE,1,0,1,2245.00,3.50,1
1505,DECODE,1,0,1,2246.00,3.57,1
1506,DECODE,1,0,1,2247.00,3.47,1
1507,DECODE,1,0,1,2248.00,3.48,1
1508,DECODE,1,0,1,2249.00,3.49,1
1509,DECODE,1,0,1,2250.00,3.43,1
1510,DECODE,1,0,1,2251.00,3.49,1
1511,DECODE,1,0,1,2252.00,3.48,1
1512,DECODE,1,0,1,2253.00,3.51,1
1513,DECODE,1,0,1,2254.00,3.47,1
1514,DECODE,1,0,1,2255.00,3.48,1
1515,DECODE,1,0,1,2256.00,3.46,1
1516,DECODE,1,0,1,2257.00,3.52,1
1517,DECODE,1,0,1,2258.00,3.46,1
1518,DECODE,1,0,1,2259.00,3.52,1
1519,DECODE,1,0,1,2260.00,3.48,1
1520,DECODE,1,0,1,2261.00,3.49,1
1521,DECODE,1,0,1,2262.00,3.50,1
1522,DECODE,1,0,1,2263.00,3.58,1
1523,DECODE,1,0,1,2264.00,3.48,1
1524,DECODE,1,0,1,2265.00,3.52,1
1525,DECODE,1,0,1,2266.00,3.57,1
1526,DECODE,1,0,1,2267.00,3.52,1
1527,DECODE,1,0,1,2268.00,3.46,1
1528,DECODE,1,0,1,2269.00,3.47,1
1529,DECODE,1,0,1,2270.00,3.47,1
1530,DECODE,1,0,1,2271.00,3.52,1
1531,DECODE,1,0,1,2272.00,3.55,1
1532,DECODE,1,0,1,2273.00,2.88,1
1533,DECODE,1,0,1,2274.00,2.82,1
1534,DECODE,1,0,1,2275.00,2.83,1
1535,DECODE,1,0,1,2276.00,2.78,1
1536,DECODE,1,0,1,2277.00,2.84,1
1537,DECODE,1,0,1,2278.00,2.78,1
1538,DECODE,1,0,1,2279.00,2.80,1
1539,DECODE,1,0,1,2280.00,2.77,1
1540,DECODE,1,0,1,2281.00,2.83,1
1541,DECODE,1,0,1,2282.00,2.76,1
1542,DECODE,1,0,1,2283.00,2.80,1
1543,DECODE,1,0,1,2284.00,2.80,1
1544,DECODE,1,0,1,2285.00,2.83,1
1545,DECODE,1,0,1,2286.00,2.92,1
1546,DECODE,1,0,1,2287.00,2.95,1
1547,DECODE,1,0,1,2288.00,2.84,1
1548,DECODE,1,0,1,2289.00,2.86,1
1549,DECODE,1,0,1,2290.00,2.87,1
1550,DECODE,1,0,1,2291.00,2.83,1
1551,DECODE,1,0,1,2292.00,2.81,1
1552,DECODE,1,0,1,2293.00,2.81,1
1553,DECODE,1,0,1,2294.00,2.79,1
1554,DECODE,1,0,1,2295.00,2.82,1
1555,DECODE,1,0,1,2296.00,2.77,1
1556,DECODE,1,0,1,2297.00,2.81,1
1557,DECODE,1,0,1,2298.00,2.78,1
1558,DECODE,1,0,1,2299.00,2.86,1
1559,DECODE,1,0,1,2300.00,2.79,1
1560,DECODE,1,0,1,2301.00,2.84,1
1561,DECODE,1,0,1,2302.00,2.81,1
1562,DECODE,1,0,1,2303.00,2.84,1
1563,DECODE,1,0,1,2304.00,2.81,1
1564,DECODE,1,0,1,2305.00,2.84,1
1565,DECODE,1,0,1,2306.00,2.77,1
1566,DECODE,1,0,1,2307.00,2.81,1
1567,DECODE,1,0,1,2308.00,2.83,1
1568,DECODE,1,0,1,2309.00,2.91,1
1569,DECODE,1,0,1,2310.00,2.81,1
1570,DECODE,1,0,1,2311.00,2.81,1
1571,DECODE,1,0,1,2312.00,2.85,1
1572,DECODE,1,0,1,2313.00,2.80,1
1573,DECODE,1,0,1,2314.00,2.81,1
1574,DECODE,1,0,1,2315.00,2.81,1
1575,DECODE,1,0,1,2316.00,2.84,1
1576,DECODE,1,0,1,2317.00,2.83,1
1577,DECODE,1,0,1,2318.00,2.92,1
1578,DECODE,1,0,1,2319.00,2.91,1
1579,DECODE,1,0,1,2320.00,2.87,1
1580,DECODE,1,0,1,2321.00,2.89,1
1581,DECODE,1,0,1,2322.00,2.85,1
1582,DECODE,1,0,1,2323.00,2.91,1
1583,DECODE,1,0,1,2324.00,2.89,1
1584,DECODE,1,0,1,2325.00,2.89,1
1585,DECODE,1,0,1,2326.00,2.90,1
1586,DECODE,1,0,1,2327.00,2.89,1
1587,DECODE,1,0,1,2328.00,2.91,1
1588,DECODE,1,0,1,2329.00,2.93,1
1589,DECODE,1,0,1,2330.00,2.92,1
1590,DECODE,1,0,1,2331.00,2.92,1
1591,DECODE,1,0,1,2332.00,2.84,1
1592,DECODE,1,0,1,2333.00,2.81,1
1593,DECODE,1,0,1,2334.00,2.83,1
1594,DECODE,1,0,1,2335.00,2.89,1
1595,DECODE,1,0,1,2336.00,2.76,1
1596,DECODE,1,0,1,2337.00,2.80,1
1597,DECODE,1,0,1,2338.00,2.84,1
1598,DECODE,1,0,1,2339.00,2.81,1
1599,DECODE,1,0,1,2340.00,2.84,1
1600,DECODE,1,0,1,2341.00,2.83,1
1601,DECODE,1,0,1,2342.00,2.82,1
1602,DECODE,1,0,1,2343.00,2.81,1
1603,DECODE,1,0,1,2344.00,2.82,1
1604,DECODE,1,0,1,2345.00,2.82,1
1605,DECODE,1,0,1,2346.00,2.94,1
1606,DECODE,1,0,1,2347.00,2.84,1
1607,DECODE,1,0,1,2348.00,2.83,1
1608,DECODE,1,0,1,2349.00,2.83,1
1609,DECODE,1,0,1,2350.00,2.81,1
1610,DECODE,1,0,1,2351.00,2.80,1
1611,DECODE,1,0,1,2352.00,2.84,1
1612,DECODE,1,0,1,2353.00,2.79,1
1613,DECODE,1,0,1,2354.00,2.82,1
1614,DECODE,1,0,1,2355.00,2.79,1
1615,DECODE,1,0,1,2356.00,2.87,1
1616,DECODE,1,0,1,2357.00,2.78,1
1617,DECODE,1,0,1,2358.00,2.85,1
1618,DECODE,1,0,1,2359.00,2.81,1
1619,DECODE,1,0,1,2360.00,2.93,1
1620,DECODE,1,0,1,2361.00,2.86,1
1621,DECODE,1,0,1,2362.00,2.90,1
1622,DECODE,1,0,1,2363.00,2.84,1
1623,DECODE,1,0,1,2364.00,2.83,1
1624,DECODE,1,0,1,2365.00,2.81,1
1625,DECODE,1,0,1,2366.00,2.79,1
1626,DECODE,1,0,1,2367.00,2.80,1
1627,DECODE,1,0,1,2368.00,2.81,1
1628,DECODE,1,0,1,2369.00,2.81,1
1629,DECODE,1,0,1,2370.00,2.82,1
1630,DECODE,1,0,1,2371.00,2.80,1
1631,DECODE,1,0,1,2372.00,2.80,1
1632,DECODE,1,0,1,2373.00,2.82,1
1633,DECODE,1,0,1,2374.00,2.81,1
1634,DECODE,1,0,1,2375.00,2.81,1
1635,DECODE,1,0,1,2376.00,2.81,1
1636,DECODE,1,0,1,2377.00,2.82,1
1637,DECODE,1,0,1,2378.00,2.82,1
1638,DECODE,1,0,1,2379.00,2.80,1
1639,DECODE,1,0,1,2380.00,3.52,1
1640,DECODE,1,0,1,2381.00,3.47,1
1641,DECODE,1,0,1,2382.00,3.60,1
1642,DECODE,1,0,1,2383.00,3.64,1
1643,DECODE,1,0,1,2384.00,3.79,1
1644,DECODE,1,0,1,2385.00,3.62,1
1645,DECODE,1,0,1,2386.00,3.49,1
1646,DECODE,1,0,1,2387.00,3.46,1
1647,DECODE,1,0,1,2388.00,3.56,1
1648,DECODE,1,0,1,2389.00,3.49,1
1649,DECODE,1,0,1,2390.00,3.46,1
1650,DECODE,1,0,1,2391.00,3.49,1
1651,DECODE,1,0,1,2392.00,3.46,1
1652,DECODE,1,0,1,2393.00,3.50,1
1653,DECODE,1,0,1,2394.00,3.47,1
1654,DECODE,1,0,1,2395.00,3.45,1
1655,DECODE,1,0,1,2396.00,3.54,1
1656,DECODE,1,0,1,2397.00,3.47,1
1657,DECODE,1,0,1,2398.00,3.45,1
1658,DECODE,1,0,1,2399.00,3.50,1
1659,DECODE,1,0,1,2400.00,3.61,1
1660,DECODE,1,0,1,2401.00,3.61,1
1661,DECODE,1,0,1,2402.00,3.60,1
1662,DECODE,1,0,1,2403.00,3.51,1
1663,DECODE,1,0,1,2404.00,3.55,1
1664,DECODE,1,0,1,2405.00,3.55,1
1665,DECODE,1,0,1,2406.00,3.60,1
1666,DECODE,1,0,1,2407.00,3.47,1
1667,DECODE,1,0,1,2408.00,3.50,1
1668,DECODE,1,0,1,2409.00,3.45,1
1669,DECODE,1,0,1,2410.00,3.50,1
1670,DECODE,1,0,1,2411.00,3.48,1
1671,DECODE,1,0,1,2412.00,3.53,1
1672,DECODE,1,0,1,2413.00,3.84,1
1673,DECODE,1,0,1,2414.00,3.91,1
1674,DECODE,1,0,1,2415.00,3.83,1
1675,DECODE,1,0,1,2416.00,3.76,1
1676,DECODE,1,0,1,2417.00,3.66,1
1677,DECODE,1,0,1,2418.00,3.65,1
1678,DECODE,1,0,1,2419.00,3.72,1
1679,DECODE,1,0,1,2420.00,3.66,1
1680,DECODE,1,0,1,2421.00,3.66,1
1681,DECODE,1,0,1,2422.00,3.66,1
1682,DECODE,1,0,1,2423.00,3.67,1
1683,DECODE,1,0,1,2424.00,3.62,1
1684,DECODE,1,0,1,2425.00,3.98,1
1685,DECODE,1,0,1,2426.00,3.69,1
1686,DECODE,1,0,1,2427.00,3.70,1
1687,DECODE,1,0,1,2428.00,3.65,1
1688,DECODE,1,0,1,2429.00,3.73,1
1689,DECODE,1,0,1,2430.00,3.73,1
1690,DECODE,1,0,1,2431.00,3.73,1
1691,DECODE,1,0,1,2432.00,3.70,1
1692,DECODE,1,0,1,2433.00,3.70,1
1693,DECODE,1,0,1,2434.00,3.67,1
1694,DECODE,1,0,1,2435.00,3.68,1
1695,DECODE,1,0,1,2436.00,3.77,1
1696,DECODE,1,0,1,2437.00,3.66,1
1697,DECODE,1,0,1,2438.00,3.86,1
1698,DECODE,1,0,1,2439.00,3.45,1
1699,DECODE,1,0,1,2440.00,3.79,1
1700,DECODE,1,0,1,2441.00,3.75,1
1701,DECODE,1,0,1,2442.00,3.53,1
1702,DECODE,1,0,1,2443.00,3.46,1
1703,DECODE,1,0,1,2444.00,3.50,1
1704,DECODE,1,0,1,2445.00,3.40,1
1705,DECODE,1,0,1,2446.00,3.49,1
1706,DECODE,1,0,1,2447.00,3.49,1
1707,DECODE,1,0,1,2448.00,3.52,1
1708,DECODE,1,0,1,2449.00,3.46,1
1709,DECODE,1,0,1,2450.00,4.35,1
1710,DECODE,1,0,1,2451.00,3.46,1
1711,DECODE,1,0,1,2452.00,3.50,1
